Identificador de URL;Nombre;Categorías;Nombre de propiedad 1;Valor de propiedad 1;Nombre de propiedad 2;Valor de propiedad 2;Nombre de propiedad 3;Valor de propiedad 3;Precio;Precio promocional;Peso (kg);Alto (cm);Ancho (cm);Profundidad (cm);Stock;SKU;Código de barras;Mostrar en tienda;Envío sin cargo;Descripción;Tags;Título para SEO;Descripción para SEO;Marca;Producto Físico;MPN (Número de pieza del fabricante);Sexo;Rango de edad;Costo;Imagen;Archivo imagen asignado
telescopica-reforzada-250mm-zincada-gt-4525-z;Telescopica Reforzada 250mm Zincada;Correderas para Muebles;;;;;;;3150.00;;;;;;;GT-4525-Z;;SI;NO;Marca: Grupo Euro<br>Código: GT-4525-Z<br>Producto disponible en Herrajes Darío.;Grupo Euro;Telescopica Reforzada 250mm Zincada | Herrajes Darío;Telescopica Reforzada 250mm Zincada marca Grupo Euro. Código GT-4525-Z. Consultá disponibilidad en Herrajes Darío.;Grupo Euro;SI;;;;;https://drive.google.com/uc?export=view&id=1leg2w5mdU6vn2DrW-mSvZeb-4f4j1dra;ESQ_GT4525Z.jpg
telescopica-reforzada-250mm-negra-gt-4525-n;Telescopica Reforzada 250mm Negra;Correderas para Muebles;;;;;;;3150.00;;;;;;;GT-4525-N;;SI;NO;Marca: Grupo Euro<br>Código: GT-4525-N<br>Producto disponible en Herrajes Darío.;Grupo Euro;Telescopica Reforzada 250mm Negra | Herrajes Darío;Telescopica Reforzada 250mm Negra marca Grupo Euro. Código GT-4525-N. Consultá disponibilidad en Herrajes Darío.;Grupo Euro;SI;;;;;https://drive.google.com/uc?export=view&id=1leg2w5mdU6vn2DrW-mSvZeb-4f4j1dra;ESQ_GT4525Z.jpg
telescopica-reforzada-300mm-zincada-gt-4530-z;Telescopica Reforzada 300mm Zincada;Correderas para Muebles;;;;;;;3780.00;;;;;;;GT-4530-Z;;SI;NO;Marca: Grupo Euro<br>Código: GT-4530-Z<br>Producto disponible en Herrajes Darío.;Grupo Euro;Telescopica Reforzada 300mm Zincada | Herrajes Darío;Telescopica Reforzada 300mm Zincada marca Grupo Euro. Código GT-4530-Z. Consultá disponibilidad en Herrajes Darío.;Grupo Euro;SI;;;;;https://drive.google.com/uc?export=view&id=1leg2w5mdU6vn2DrW-mSvZeb-4f4j1dra;ESQ_GT4525Z.jpg
telescopica-reforzada-300mm-negra-gt-4530-n;Telescopica Reforzada 300mm Negra;Correderas para Muebles;;;;;;;3780.00;;;;;;;GT-4530-N;;SI;NO;Marca: Grupo Euro<br>Código: GT-4530-N<br>Producto disponible en Herrajes Darío.;Grupo Euro;Telescopica Reforzada 300mm Negra | Herrajes Darío;Telescopica Reforzada 300mm Negra marca Grupo Euro. Código GT-4530-N. Consultá disponibilidad en Herrajes Darío.;Grupo Euro;SI;;;;;https://drive.google.com/uc?export=view&id=1leg2w5mdU6vn2DrW-mSvZeb-4f4j1dra;ESQ_GT4525Z.jpg
telescopica-reforzada-350mm-zincada-gt-4535-z;Telescopica Reforzada 350mm Zincada;Correderas para Muebles;;;;;;;4462.50;;;;;;;GT-4535-Z;;SI;NO;Marca: Grupo Euro<br>Código: GT-4535-Z<br>Producto disponible en Herrajes Darío.;Grupo Euro;Telescopica Reforzada 350mm Zincada | Herrajes Darío;Telescopica Reforzada 350mm Zincada marca Grupo Euro. Código GT-4535-Z. Consultá disponibilidad en Herrajes Darío.;Grupo Euro;SI;;;;;https://drive.google.com/uc?export=view&id=1leg2w5mdU6vn2DrW-mSvZeb-4f4j1dra;ESQ_GT4525Z.jpg
telescopica-reforzada-350mm-negra-gt-4535-n;Telescopica Reforzada 350mm Negra;Correderas para Muebles;;;;;;;4462.50;;;;;;;GT-4535-N;;SI;NO;Marca: Grupo Euro<br>Código: GT-4535-N<br>Producto disponible en Herrajes Darío.;Grupo Euro;Telescopica Reforzada 350mm Negra | Herrajes Darío;Telescopica Reforzada 350mm Negra marca Grupo Euro. Código GT-4535-N. Consultá disponibilidad en Herrajes Darío.;Grupo Euro;SI;;;;;https://drive.google.com/uc?export=view&id=1leg2w5mdU6vn2DrW-mSvZeb-4f4j1dra;ESQ_GT4525Z.jpg
telescopica-reforzada-400mm-zincada-gt-4540-z;Telescopica Reforzada 400mm Zincada;Correderas para Muebles;;;;;;;5092.50;;;;;;;GT-4540-Z;;SI;NO;Marca: Grupo Euro<br>Código: GT-4540-Z<br>Producto disponible en Herrajes Darío.;Grupo Euro;Telescopica Reforzada 400mm Zincada | Herrajes Darío;Telescopica Reforzada 400mm Zincada marca Grupo Euro. Código GT-4540-Z. Consultá disponibilidad en Herrajes Darío.;Grupo Euro;SI;;;;;https://drive.google.com/uc?export=view&id=1leg2w5mdU6vn2DrW-mSvZeb-4f4j1dra;ESQ_GT4525Z.jpg
telescopica-reforzada-400mm-negra-gt-4540-n;Telescopica Reforzada 400mm Negra;Correderas para Muebles;;;;;;;5092.50;;;;;;;GT-4540-N;;SI;NO;Marca: Grupo Euro<br>Código: GT-4540-N<br>Producto disponible en Herrajes Darío.;Grupo Euro;Telescopica Reforzada 400mm Negra | Herrajes Darío;Telescopica Reforzada 400mm Negra marca Grupo Euro. Código GT-4540-N. Consultá disponibilidad en Herrajes Darío.;Grupo Euro;SI;;;;;https://drive.google.com/uc?export=view&id=1leg2w5mdU6vn2DrW-mSvZeb-4f4j1dra;ESQ_GT4525Z.jpg
telescopica-reforzada-450mm-zincada-gt-4545-z;Telescopica Reforzada 450mm Zincada;Correderas para Muebles;;;;;;;5775.00;;;;;;;GT-4545-Z;;SI;NO;Marca: Grupo Euro<br>Código: GT-4545-Z<br>Producto disponible en Herrajes Darío.;Grupo Euro;Telescopica Reforzada 450mm Zincada | Herrajes Darío;Telescopica Reforzada 450mm Zincada marca Grupo Euro. Código GT-4545-Z. Consultá disponibilidad en Herrajes Darío.;Grupo Euro;SI;;;;;https://drive.google.com/uc?export=view&id=1leg2w5mdU6vn2DrW-mSvZeb-4f4j1dra;ESQ_GT4525Z.jpg
telescopica-reforzada-450mm-negra-gt-4545-n;Telescopica Reforzada 450mm Negra;Correderas para Muebles;;;;;;;5775.00;;;;;;;GT-4545-N;;SI;NO;Marca: Grupo Euro<br>Código: GT-4545-N<br>Producto disponible en Herrajes Darío.;Grupo Euro;Telescopica Reforzada 450mm Negra | Herrajes Darío;Telescopica Reforzada 450mm Negra marca Grupo Euro. Código GT-4545-N. Consultá disponibilidad en Herrajes Darío.;Grupo Euro;SI;;;;;https://drive.google.com/uc?export=view&id=1leg2w5mdU6vn2DrW-mSvZeb-4f4j1dra;ESQ_GT4525Z.jpg
telescopica-reforzada-500mm-zincada-gt-4550-z;Telescopica Reforzada 500mm Zincada;Correderas para Muebles;;;;;;;6300.00;;;;;;;GT-4550-Z;;SI;NO;Marca: Grupo Euro<br>Código: GT-4550-Z<br>Producto disponible en Herrajes Darío.;Grupo Euro;Telescopica Reforzada 500mm Zincada | Herrajes Darío;Telescopica Reforzada 500mm Zincada marca Grupo Euro. Código GT-4550-Z. Consultá disponibilidad en Herrajes Darío.;Grupo Euro;SI;;;;;https://drive.google.com/uc?export=view&id=1leg2w5mdU6vn2DrW-mSvZeb-4f4j1dra;ESQ_GT4525Z.jpg
telescopica-reforzada-500mm-negra-gt-4550-n;Telescopica Reforzada 500mm Negra;Correderas para Muebles;;;;;;;6300.00;;;;;;;GT-4550-N;;SI;NO;Marca: Grupo Euro<br>Código: GT-4550-N<br>Producto disponible en Herrajes Darío.;Grupo Euro;Telescopica Reforzada 500mm Negra | Herrajes Darío;Telescopica Reforzada 500mm Negra marca Grupo Euro. Código GT-4550-N. Consultá disponibilidad en Herrajes Darío.;Grupo Euro;SI;;;;;https://drive.google.com/uc?export=view&id=1leg2w5mdU6vn2DrW-mSvZeb-4f4j1dra;ESQ_GT4525Z.jpg
telescopica-reforzada-550mm-zincada-gt-4555-z;Telescopica Reforzada 550mm Zincada;Correderas para Muebles;;;;;;;6930.00;;;;;;;GT-4555-Z;;SI;NO;Marca: Grupo Euro<br>Código: GT-4555-Z<br>Producto disponible en Herrajes Darío.;Grupo Euro;Telescopica Reforzada 550mm Zincada | Herrajes Darío;Telescopica Reforzada 550mm Zincada marca Grupo Euro. Código GT-4555-Z. Consultá disponibilidad en Herrajes Darío.;Grupo Euro;SI;;;;;https://drive.google.com/uc?export=view&id=1leg2w5mdU6vn2DrW-mSvZeb-4f4j1dra;ESQ_GT4525Z.jpg
telescopica-reforzada-550mm-negra-gt-4555-n;Telescopica Reforzada 550mm Negra;Correderas para Muebles;;;;;;;6930.00;;;;;;;GT-4555-N;;SI;NO;Marca: Grupo Euro<br>Código: GT-4555-N<br>Producto disponible en Herrajes Darío.;Grupo Euro;Telescopica Reforzada 550mm Negra | Herrajes Darío;Telescopica Reforzada 550mm Negra marca Grupo Euro. Código GT-4555-N. Consultá disponibilidad en Herrajes Darío.;Grupo Euro;SI;;;;;https://drive.google.com/uc?export=view&id=1leg2w5mdU6vn2DrW-mSvZeb-4f4j1dra;ESQ_GT4525Z.jpg
telescopica-reforzada-600mm-zincada-gt-4560-z;Telescopica Reforzada 600mm Zincada;Correderas para Muebles;;;;;;;7560.00;;;;;;;GT-4560-Z;;SI;NO;Marca: Grupo Euro<br>Código: GT-4560-Z<br>Producto disponible en Herrajes Darío.;Grupo Euro;Telescopica Reforzada 600mm Zincada | Herrajes Darío;Telescopica Reforzada 600mm Zincada marca Grupo Euro. Código GT-4560-Z. Consultá disponibilidad en Herrajes Darío.;Grupo Euro;SI;;;;;https://drive.google.com/uc?export=view&id=1leg2w5mdU6vn2DrW-mSvZeb-4f4j1dra;ESQ_GT4525Z.jpg
telescopica-reforzada-600mm-negra-gt-4560-n;Telescopica Reforzada 600mm Negra;Correderas para Muebles;;;;;;;7560.00;;;;;;;GT-4560-N;;SI;NO;Marca: Grupo Euro<br>Código: GT-4560-N<br>Producto disponible en Herrajes Darío.;Grupo Euro;Telescopica Reforzada 600mm Negra | Herrajes Darío;Telescopica Reforzada 600mm Negra marca Grupo Euro. Código GT-4560-N. Consultá disponibilidad en Herrajes Darío.;Grupo Euro;SI;;;;;https://drive.google.com/uc?export=view&id=1leg2w5mdU6vn2DrW-mSvZeb-4f4j1dra;ESQ_GT4525Z.jpg
telescopica-liviana-250mm-zincada-gt-3525-z;Telescopica Liviana 250mm Zincada;Correderas para Muebles;;;;;;;1890.00;;;;;;;GT-3525-Z;;SI;NO;Marca: Grupo Euro<br>Código: GT-3525-Z<br>Producto disponible en Herrajes Darío.;Grupo Euro;Telescopica Liviana 250mm Zincada | Herrajes Darío;Telescopica Liviana 250mm Zincada marca Grupo Euro. Código GT-3525-Z. Consultá disponibilidad en Herrajes Darío.;Grupo Euro;SI;;;;;https://drive.google.com/uc?export=view&id=1leg2w5mdU6vn2DrW-mSvZeb-4f4j1dra;ESQ_GT4525Z.jpg
telescopica-liviana-250mm-negra-gt-3525-n;Telescopica Liviana 250mm Negra;Correderas para Muebles;;;;;;;1890.00;;;;;;;GT-3525-N;;SI;NO;Marca: Grupo Euro<br>Código: GT-3525-N<br>Producto disponible en Herrajes Darío.;Grupo Euro;Telescopica Liviana 250mm Negra | Herrajes Darío;Telescopica Liviana 250mm Negra marca Grupo Euro. Código GT-3525-N. Consultá disponibilidad en Herrajes Darío.;Grupo Euro;SI;;;;;https://drive.google.com/uc?export=view&id=1leg2w5mdU6vn2DrW-mSvZeb-4f4j1dra;ESQ_GT4525Z.jpg
telescopica-liviana-300mm-zincada-gt-3530-z;Telescopica Liviana 300mm Zincada;Correderas para Muebles;;;;;;;2205.00;;;;;;;GT-3530-Z;;SI;NO;Marca: Grupo Euro<br>Código: GT-3530-Z<br>Producto disponible en Herrajes Darío.;Grupo Euro;Telescopica Liviana 300mm Zincada | Herrajes Darío;Telescopica Liviana 300mm Zincada marca Grupo Euro. Código GT-3530-Z. Consultá disponibilidad en Herrajes Darío.;Grupo Euro;SI;;;;;https://drive.google.com/uc?export=view&id=1leg2w5mdU6vn2DrW-mSvZeb-4f4j1dra;ESQ_GT4525Z.jpg
telescopica-liviana-300mm-negra-gt-3530-n;Telescopica Liviana 300mm Negra;Correderas para Muebles;;;;;;;2205.00;;;;;;;GT-3530-N;;SI;NO;Marca: Grupo Euro<br>Código: GT-3530-N<br>Producto disponible en Herrajes Darío.;Grupo Euro;Telescopica Liviana 300mm Negra | Herrajes Darío;Telescopica Liviana 300mm Negra marca Grupo Euro. Código GT-3530-N. Consultá disponibilidad en Herrajes Darío.;Grupo Euro;SI;;;;;https://drive.google.com/uc?export=view&id=1leg2w5mdU6vn2DrW-mSvZeb-4f4j1dra;ESQ_GT4525Z.jpg
telescopica-liviana-350mm-zincada-gt-3535-z;Telescopica Liviana 350mm Zincada;Correderas para Muebles;;;;;;;2520.00;;;;;;;GT-3535-Z;;SI;NO;Marca: Grupo Euro<br>Código: GT-3535-Z<br>Producto disponible en Herrajes Darío.;Grupo Euro;Telescopica Liviana 350mm Zincada | Herrajes Darío;Telescopica Liviana 350mm Zincada marca Grupo Euro. Código GT-3535-Z. Consultá disponibilidad en Herrajes Darío.;Grupo Euro;SI;;;;;https://drive.google.com/uc?export=view&id=1leg2w5mdU6vn2DrW-mSvZeb-4f4j1dra;ESQ_GT4525Z.jpg
telescopica-liviana-350mm-negra-gt-3535-n;Telescopica Liviana 350mm Negra;Correderas para Muebles;;;;;;;2520.00;;;;;;;GT-3535-N;;SI;NO;Marca: Grupo Euro<br>Código: GT-3535-N<br>Producto disponible en Herrajes Darío.;Grupo Euro;Telescopica Liviana 350mm Negra | Herrajes Darío;Telescopica Liviana 350mm Negra marca Grupo Euro. Código GT-3535-N. Consultá disponibilidad en Herrajes Darío.;Grupo Euro;SI;;;;;https://drive.google.com/uc?export=view&id=1leg2w5mdU6vn2DrW-mSvZeb-4f4j1dra;ESQ_GT4525Z.jpg
telescopica-liviana-400mm-zincada-gt-3540-z;Telescopica Liviana 400mm Zincada;Correderas para Muebles;;;;;;;2887.50;;;;;;;GT-3540-Z;;SI;NO;Marca: Grupo Euro<br>Código: GT-3540-Z<br>Producto disponible en Herrajes Darío.;Grupo Euro;Telescopica Liviana 400mm Zincada | Herrajes Darío;Telescopica Liviana 400mm Zincada marca Grupo Euro. Código GT-3540-Z. Consultá disponibilidad en Herrajes Darío.;Grupo Euro;SI;;;;;https://drive.google.com/uc?export=view&id=1leg2w5mdU6vn2DrW-mSvZeb-4f4j1dra;ESQ_GT4525Z.jpg
telescopica-liviana-400mm-negra-gt-3540-n;Telescopica Liviana 400mm Negra;Correderas para Muebles;;;;;;;2887.50;;;;;;;GT-3540-N;;SI;NO;Marca: Grupo Euro<br>Código: GT-3540-N<br>Producto disponible en Herrajes Darío.;Grupo Euro;Telescopica Liviana 400mm Negra | Herrajes Darío;Telescopica Liviana 400mm Negra marca Grupo Euro. Código GT-3540-N. Consultá disponibilidad en Herrajes Darío.;Grupo Euro;SI;;;;;https://drive.google.com/uc?export=view&id=1leg2w5mdU6vn2DrW-mSvZeb-4f4j1dra;ESQ_GT4525Z.jpg
telescopica-liviana-450mm-zincada-gt-3545-z;Telescopica Liviana 450mm Zincada;Correderas para Muebles;;;;;;;3255.00;;;;;;;GT-3545-Z;;SI;NO;Marca: Grupo Euro<br>Código: GT-3545-Z<br>Producto disponible en Herrajes Darío.;Grupo Euro;Telescopica Liviana 450mm Zincada | Herrajes Darío;Telescopica Liviana 450mm Zincada marca Grupo Euro. Código GT-3545-Z. Consultá disponibilidad en Herrajes Darío.;Grupo Euro;SI;;;;;https://drive.google.com/uc?export=view&id=1leg2w5mdU6vn2DrW-mSvZeb-4f4j1dra;ESQ_GT4525Z.jpg
telescopica-liviana-450mm-negra-gt-3545-n;Telescopica Liviana 450mm Negra;Correderas para Muebles;;;;;;;3255.00;;;;;;;GT-3545-N;;SI;NO;Marca: Grupo Euro<br>Código: GT-3545-N<br>Producto disponible en Herrajes Darío.;Grupo Euro;Telescopica Liviana 450mm Negra | Herrajes Darío;Telescopica Liviana 450mm Negra marca Grupo Euro. Código GT-3545-N. Consultá disponibilidad en Herrajes Darío.;Grupo Euro;SI;;;;;https://drive.google.com/uc?export=view&id=1leg2w5mdU6vn2DrW-mSvZeb-4f4j1dra;ESQ_GT4525Z.jpg
telescopica-liviana-500mm-zincada-gt-3550-z;Telescopica Liviana 500mm Zincada;Correderas para Muebles;;;;;;;3570.00;;;;;;;GT-3550-Z;;SI;NO;Marca: Grupo Euro<br>Código: GT-3550-Z<br>Producto disponible en Herrajes Darío.;Grupo Euro;Telescopica Liviana 500mm Zincada | Herrajes Darío;Telescopica Liviana 500mm Zincada marca Grupo Euro. Código GT-3550-Z. Consultá disponibilidad en Herrajes Darío.;Grupo Euro;SI;;;;;https://drive.google.com/uc?export=view&id=1leg2w5mdU6vn2DrW-mSvZeb-4f4j1dra;ESQ_GT4525Z.jpg
telescopica-liviana-500mm-negra-gt-3550-n;Telescopica Liviana 500mm Negra;Correderas para Muebles;;;;;;;3570.00;;;;;;;GT-3550-N;;SI;NO;Marca: Grupo Euro<br>Código: GT-3550-N<br>Producto disponible en Herrajes Darío.;Grupo Euro;Telescopica Liviana 500mm Negra | Herrajes Darío;Telescopica Liviana 500mm Negra marca Grupo Euro. Código GT-3550-N. Consultá disponibilidad en Herrajes Darío.;Grupo Euro;SI;;;;;https://drive.google.com/uc?export=view&id=1leg2w5mdU6vn2DrW-mSvZeb-4f4j1dra;ESQ_GT4525Z.jpg
telescopica-liviana-550mm-zincada-gt-3555-z;Telescopica Liviana 550mm Zincada;Correderas para Muebles;;;;;;;3990.00;;;;;;;GT-3555-Z;;SI;NO;Marca: Grupo Euro<br>Código: GT-3555-Z<br>Producto disponible en Herrajes Darío.;Grupo Euro;Telescopica Liviana 550mm Zincada | Herrajes Darío;Telescopica Liviana 550mm Zincada marca Grupo Euro. Código GT-3555-Z. Consultá disponibilidad en Herrajes Darío.;Grupo Euro;SI;;;;;https://drive.google.com/uc?export=view&id=1leg2w5mdU6vn2DrW-mSvZeb-4f4j1dra;ESQ_GT4525Z.jpg
telescopica-liviana-550mm-negra-gt-3555-n;Telescopica Liviana 550mm Negra;Correderas para Muebles;;;;;;;3990.00;;;;;;;GT-3555-N;;SI;NO;Marca: Grupo Euro<br>Código: GT-3555-N<br>Producto disponible en Herrajes Darío.;Grupo Euro;Telescopica Liviana 550mm Negra | Herrajes Darío;Telescopica Liviana 550mm Negra marca Grupo Euro. Código GT-3555-N. Consultá disponibilidad en Herrajes Darío.;Grupo Euro;SI;;;;;https://drive.google.com/uc?export=view&id=1leg2w5mdU6vn2DrW-mSvZeb-4f4j1dra;ESQ_GT4525Z.jpg
telescopica-liviana-600mm-zincada-gt-3560-z;Telescopica Liviana 600mm Zincada;Correderas para Muebles;;;;;;;4305.00;;;;;;;GT-3560-Z;;SI;NO;Marca: Grupo Euro<br>Código: GT-3560-Z<br>Producto disponible en Herrajes Darío.;Grupo Euro;Telescopica Liviana 600mm Zincada | Herrajes Darío;Telescopica Liviana 600mm Zincada marca Grupo Euro. Código GT-3560-Z. Consultá disponibilidad en Herrajes Darío.;Grupo Euro;SI;;;;;https://drive.google.com/uc?export=view&id=1leg2w5mdU6vn2DrW-mSvZeb-4f4j1dra;ESQ_GT4525Z.jpg
telescopica-liviana-600mm-negra-gt-3560-n;Telescopica Liviana 600mm Negra;Correderas para Muebles;;;;;;;4305.00;;;;;;;GT-3560-N;;SI;NO;Marca: Grupo Euro<br>Código: GT-3560-N<br>Producto disponible en Herrajes Darío.;Grupo Euro;Telescopica Liviana 600mm Negra | Herrajes Darío;Telescopica Liviana 600mm Negra marca Grupo Euro. Código GT-3560-N. Consultá disponibilidad en Herrajes Darío.;Grupo Euro;SI;;;;;https://drive.google.com/uc?export=view&id=1leg2w5mdU6vn2DrW-mSvZeb-4f4j1dra;ESQ_GT4525Z.jpg
telescopica-reforzada-250mm-cierre-suave-zincada-gt-4525-zs;Telescopica Reforzada 250mm Cierre Suave Zincada;Correderas para Muebles;;;;;;;7927.50;;;;;;;GT-4525-ZS;;SI;NO;Marca: Grupo Euro<br>Código: GT-4525-ZS<br>Producto disponible en Herrajes Darío.;Grupo Euro;Telescopica Reforzada 250mm Cierre Suave Zincada | Herrajes Darío;Telescopica Reforzada 250mm Cierre Suave Zincada marca Grupo Euro. Código GT-4525-ZS. Consultá disponibilidad en Herrajes Darío.;Grupo Euro;SI;;;;;https://drive.google.com/uc?export=view&id=1kLiQUNBPV_h8J5iAklZy8jLXaP62s1uR;ESQ_GSCL_01.jpg
telescopica-reforzada-250mm-cierre-suave-negra-gt-4525-zn;Telescopica Reforzada 250mm Cierre Suave Negra;Correderas para Muebles;;;;;;;7927.50;;;;;;;GT-4525-ZN;;SI;NO;Marca: Grupo Euro<br>Código: GT-4525-ZN<br>Producto disponible en Herrajes Darío.;Grupo Euro;Telescopica Reforzada 250mm Cierre Suave Negra | Herrajes Darío;Telescopica Reforzada 250mm Cierre Suave Negra marca Grupo Euro. Código GT-4525-ZN. Consultá disponibilidad en Herrajes Darío.;Grupo Euro;SI;;;;;https://drive.google.com/uc?export=view&id=1kLiQUNBPV_h8J5iAklZy8jLXaP62s1uR;ESQ_GSCL_01.jpg
telescopica-reforzada-300mm-cierre-suave-zincada-gt-4530-zs;Telescopica Reforzada 300mm Cierre Suave Zincada;Correderas para Muebles;;;;;;;7927.50;;;;;;;GT-4530-ZS;;SI;NO;Marca: Grupo Euro<br>Código: GT-4530-ZS<br>Producto disponible en Herrajes Darío.;Grupo Euro;Telescopica Reforzada 300mm Cierre Suave Zincada | Herrajes Darío;Telescopica Reforzada 300mm Cierre Suave Zincada marca Grupo Euro. Código GT-4530-ZS. Consultá disponibilidad en Herrajes Darío.;Grupo Euro;SI;;;;;https://drive.google.com/uc?export=view&id=1kLiQUNBPV_h8J5iAklZy8jLXaP62s1uR;ESQ_GSCL_01.jpg
telescopica-reforzada-300mm-cierre-suave-negra-gt-4530-zn;Telescopica Reforzada 300mm Cierre Suave Negra;Correderas para Muebles;;;;;;;7927.50;;;;;;;GT-4530-ZN;;SI;NO;Marca: Grupo Euro<br>Código: GT-4530-ZN<br>Producto disponible en Herrajes Darío.;Grupo Euro;Telescopica Reforzada 300mm Cierre Suave Negra | Herrajes Darío;Telescopica Reforzada 300mm Cierre Suave Negra marca Grupo Euro. Código GT-4530-ZN. Consultá disponibilidad en Herrajes Darío.;Grupo Euro;SI;;;;;https://drive.google.com/uc?export=view&id=1kLiQUNBPV_h8J5iAklZy8jLXaP62s1uR;ESQ_GSCL_01.jpg
telescopica-reforzada-350mm-cierre-suave-zincada-gt-4535-zs;Telescopica Reforzada 350mm Cierre Suave Zincada;Correderas para Muebles;;;;;;;8715.00;;;;;;;GT-4535-ZS;;SI;NO;Marca: Grupo Euro<br>Código: GT-4535-ZS<br>Producto disponible en Herrajes Darío.;Grupo Euro;Telescopica Reforzada 350mm Cierre Suave Zincada | Herrajes Darío;Telescopica Reforzada 350mm Cierre Suave Zincada marca Grupo Euro. Código GT-4535-ZS. Consultá disponibilidad en Herrajes Darío.;Grupo Euro;SI;;;;;https://drive.google.com/uc?export=view&id=1kLiQUNBPV_h8J5iAklZy8jLXaP62s1uR;ESQ_GSCL_01.jpg
telescopica-reforzada-350mm-cierre-suave-negra-gt-4535-zn;Telescopica Reforzada 350mm Cierre Suave Negra;Correderas para Muebles;;;;;;;8715.00;;;;;;;GT-4535-ZN;;SI;NO;Marca: Grupo Euro<br>Código: GT-4535-ZN<br>Producto disponible en Herrajes Darío.;Grupo Euro;Telescopica Reforzada 350mm Cierre Suave Negra | Herrajes Darío;Telescopica Reforzada 350mm Cierre Suave Negra marca Grupo Euro. Código GT-4535-ZN. Consultá disponibilidad en Herrajes Darío.;Grupo Euro;SI;;;;;https://drive.google.com/uc?export=view&id=1kLiQUNBPV_h8J5iAklZy8jLXaP62s1uR;ESQ_GSCL_01.jpg
telescopica-reforzada-400mm-cierre-suave-zincada-gt-4540-zs;Telescopica Reforzada 400mm Cierre Suave Zincada;Correderas para Muebles;;;;;;;9345.00;;;;;;;GT-4540-ZS;;SI;NO;Marca: Grupo Euro<br>Código: GT-4540-ZS<br>Producto disponible en Herrajes Darío.;Grupo Euro;Telescopica Reforzada 400mm Cierre Suave Zincada | Herrajes Darío;Telescopica Reforzada 400mm Cierre Suave Zincada marca Grupo Euro. Código GT-4540-ZS. Consultá disponibilidad en Herrajes Darío.;Grupo Euro;SI;;;;;https://drive.google.com/uc?export=view&id=1kLiQUNBPV_h8J5iAklZy8jLXaP62s1uR;ESQ_GSCL_01.jpg
telescopica-reforzada-400mm-cierre-suave-negra-gt-4540-zn;Telescopica Reforzada 400mm Cierre Suave Negra;Correderas para Muebles;;;;;;;9345.00;;;;;;;GT-4540-ZN;;SI;NO;Marca: Grupo Euro<br>Código: GT-4540-ZN<br>Producto disponible en Herrajes Darío.;Grupo Euro;Telescopica Reforzada 400mm Cierre Suave Negra | Herrajes Darío;Telescopica Reforzada 400mm Cierre Suave Negra marca Grupo Euro. Código GT-4540-ZN. Consultá disponibilidad en Herrajes Darío.;Grupo Euro;SI;;;;;https://drive.google.com/uc?export=view&id=1kLiQUNBPV_h8J5iAklZy8jLXaP62s1uR;ESQ_GSCL_01.jpg
telescopica-reforzada-450mm-cierre-suave-zincada-gt-4545-zs;Telescopica Reforzada 450mm Cierre Suave Zincada;Correderas para Muebles;;;;;;;10185.00;;;;;;;GT-4545-ZS;;SI;NO;Marca: Grupo Euro<br>Código: GT-4545-ZS<br>Producto disponible en Herrajes Darío.;Grupo Euro;Telescopica Reforzada 450mm Cierre Suave Zincada | Herrajes Darío;Telescopica Reforzada 450mm Cierre Suave Zincada marca Grupo Euro. Código GT-4545-ZS. Consultá disponibilidad en Herrajes Darío.;Grupo Euro;SI;;;;;https://drive.google.com/uc?export=view&id=1kLiQUNBPV_h8J5iAklZy8jLXaP62s1uR;ESQ_GSCL_01.jpg
telescopica-reforzada-450mm-cierre-suave-negra-gt-4545-zn;Telescopica Reforzada 450mm Cierre Suave Negra;Correderas para Muebles;;;;;;;10185.00;;;;;;;GT-4545-ZN;;SI;NO;Marca: Grupo Euro<br>Código: GT-4545-ZN<br>Producto disponible en Herrajes Darío.;Grupo Euro;Telescopica Reforzada 450mm Cierre Suave Negra | Herrajes Darío;Telescopica Reforzada 450mm Cierre Suave Negra marca Grupo Euro. Código GT-4545-ZN. Consultá disponibilidad en Herrajes Darío.;Grupo Euro;SI;;;;;https://drive.google.com/uc?export=view&id=1kLiQUNBPV_h8J5iAklZy8jLXaP62s1uR;ESQ_GSCL_01.jpg
telescopica-reforzada-500mm-cierre-suave-zincada-gt-4550-zs;Telescopica Reforzada 500mm Cierre Suave Zincada;Correderas para Muebles;;;;;;;11025.00;;;;;;;GT-4550-ZS;;SI;NO;Marca: Grupo Euro<br>Código: GT-4550-ZS<br>Producto disponible en Herrajes Darío.;Grupo Euro;Telescopica Reforzada 500mm Cierre Suave Zincada | Herrajes Darío;Telescopica Reforzada 500mm Cierre Suave Zincada marca Grupo Euro. Código GT-4550-ZS. Consultá disponibilidad en Herrajes Darío.;Grupo Euro;SI;;;;;https://drive.google.com/uc?export=view&id=1kLiQUNBPV_h8J5iAklZy8jLXaP62s1uR;ESQ_GSCL_01.jpg
telescopica-reforzada-500mm-cierre-suave-negra-gt-4550-zn;Telescopica Reforzada 500mm Cierre Suave Negra;Correderas para Muebles;;;;;;;11025.00;;;;;;;GT-4550-ZN;;SI;NO;Marca: Grupo Euro<br>Código: GT-4550-ZN<br>Producto disponible en Herrajes Darío.;Grupo Euro;Telescopica Reforzada 500mm Cierre Suave Negra | Herrajes Darío;Telescopica Reforzada 500mm Cierre Suave Negra marca Grupo Euro. Código GT-4550-ZN. Consultá disponibilidad en Herrajes Darío.;Grupo Euro;SI;;;;;https://drive.google.com/uc?export=view&id=1kLiQUNBPV_h8J5iAklZy8jLXaP62s1uR;ESQ_GSCL_01.jpg
telescopica-reforzada-550mm-cierre-suave-zincada-gt-4555-zs;Telescopica Reforzada 550mm Cierre Suave Zincada;Correderas para Muebles;;;;;;;11707.50;;;;;;;GT-4555-ZS;;SI;NO;Marca: Grupo Euro<br>Código: GT-4555-ZS<br>Producto disponible en Herrajes Darío.;Grupo Euro;Telescopica Reforzada 550mm Cierre Suave Zincada | Herrajes Darío;Telescopica Reforzada 550mm Cierre Suave Zincada marca Grupo Euro. Código GT-4555-ZS. Consultá disponibilidad en Herrajes Darío.;Grupo Euro;SI;;;;;https://drive.google.com/uc?export=view&id=1kLiQUNBPV_h8J5iAklZy8jLXaP62s1uR;ESQ_GSCL_01.jpg
telescopica-reforzada-550mm-cierre-suave-negra-gt-4555-zn;Telescopica Reforzada 550mm Cierre Suave Negra;Correderas para Muebles;;;;;;;11707.50;;;;;;;GT-4555-ZN;;SI;NO;Marca: Grupo Euro<br>Código: GT-4555-ZN<br>Producto disponible en Herrajes Darío.;Grupo Euro;Telescopica Reforzada 550mm Cierre Suave Negra | Herrajes Darío;Telescopica Reforzada 550mm Cierre Suave Negra marca Grupo Euro. Código GT-4555-ZN. Consultá disponibilidad en Herrajes Darío.;Grupo Euro;SI;;;;;https://drive.google.com/uc?export=view&id=1kLiQUNBPV_h8J5iAklZy8jLXaP62s1uR;ESQ_GSCL_01.jpg
telescopica-reforzada-600mm-cierre-suave-zincada-gt-4560-zs;Telescopica Reforzada 600mm Cierre Suave Zincada;Correderas para Muebles;;;;;;;12705.00;;;;;;;GT-4560-ZS;;SI;NO;Marca: Grupo Euro<br>Código: GT-4560-ZS<br>Producto disponible en Herrajes Darío.;Grupo Euro;Telescopica Reforzada 600mm Cierre Suave Zincada | Herrajes Darío;Telescopica Reforzada 600mm Cierre Suave Zincada marca Grupo Euro. Código GT-4560-ZS. Consultá disponibilidad en Herrajes Darío.;Grupo Euro;SI;;;;;https://drive.google.com/uc?export=view&id=1kLiQUNBPV_h8J5iAklZy8jLXaP62s1uR;ESQ_GSCL_01.jpg
telescopica-reforzada-600mm-cierre-suave-negra-gt-4560-zn;Telescopica Reforzada 600mm Cierre Suave Negra;Correderas para Muebles;;;;;;;12705.00;;;;;;;GT-4560-ZN;;SI;NO;Marca: Grupo Euro<br>Código: GT-4560-ZN<br>Producto disponible en Herrajes Darío.;Grupo Euro;Telescopica Reforzada 600mm Cierre Suave Negra | Herrajes Darío;Telescopica Reforzada 600mm Cierre Suave Negra marca Grupo Euro. Código GT-4560-ZN. Consultá disponibilidad en Herrajes Darío.;Grupo Euro;SI;;;;;https://drive.google.com/uc?export=view&id=1kLiQUNBPV_h8J5iAklZy8jLXaP62s1uR;ESQ_GSCL_01.jpg
telescopica-reforzada-400mm-push-open-zincada-gt-4540-zp;Telescopica Reforzada 400mm Push Open Zincada;Correderas para Muebles;;;;;;;10080.00;;;;;;;GT-4540-ZP;;SI;NO;Marca: Grupo Euro<br>Código: GT-4540-ZP<br>Producto disponible en Herrajes Darío.;Grupo Euro;Telescopica Reforzada 400mm Push Open Zincada | Herrajes Darío;Telescopica Reforzada 400mm Push Open Zincada marca Grupo Euro. Código GT-4540-ZP. Consultá disponibilidad en Herrajes Darío.;Grupo Euro;SI;;;;;https://drive.google.com/uc?export=view&id=19fCuvULqX1oaeWYdgkgKQouZoLM2-MWl;ESQ_GICL_01.jpg
telescopica-reforzada-450mm-push-open-zincada-gt-4545-zp;Telescopica Reforzada 450mm Push Open Zincada;Correderas para Muebles;;;;;;;10920.00;;;;;;;GT-4545-ZP;;SI;NO;Marca: Grupo Euro<br>Código: GT-4545-ZP<br>Producto disponible en Herrajes Darío.;Grupo Euro;Telescopica Reforzada 450mm Push Open Zincada | Herrajes Darío;Telescopica Reforzada 450mm Push Open Zincada marca Grupo Euro. Código GT-4545-ZP. Consultá disponibilidad en Herrajes Darío.;Grupo Euro;SI;;;;;https://drive.google.com/uc?export=view&id=19fCuvULqX1oaeWYdgkgKQouZoLM2-MWl;ESQ_GICL_01.jpg
telescopica-reforzada-500mm-push-open-zincada-gt-4550-zp;Telescopica Reforzada 500mm Push Open Zincada;Correderas para Muebles;;;;;;;11760.00;;;;;;;GT-4550-ZP;;SI;NO;Marca: Grupo Euro<br>Código: GT-4550-ZP<br>Producto disponible en Herrajes Darío.;Grupo Euro;Telescopica Reforzada 500mm Push Open Zincada | Herrajes Darío;Telescopica Reforzada 500mm Push Open Zincada marca Grupo Euro. Código GT-4550-ZP. Consultá disponibilidad en Herrajes Darío.;Grupo Euro;SI;;;;;https://drive.google.com/uc?export=view&id=19fCuvULqX1oaeWYdgkgKQouZoLM2-MWl;ESQ_GICL_01.jpg
telescopica-reforzada-45mm-250mm-zincada-brz-2026-z;Telescopica Reforzada (45mm) 250mm Zincada;Correderas para Muebles;;;;;;;3150.00;;;;;;;BRZ-2026-Z;;SI;NO;Marca: BRONZEN<br>Código: BRZ-2026-Z<br>Producto disponible en Herrajes Darío.;BRONZEN;Telescopica Reforzada (45mm) 250mm Zincada | Herrajes Darío;Telescopica Reforzada (45mm) 250mm Zincada marca BRONZEN. Código BRZ-2026-Z. Consultá disponibilidad en Herrajes Darío.;BRONZEN;SI;;;;;https://drive.google.com/uc?export=view&id=14PkMwavC3b8h8oFzV1Z_OCiKZkhsvl-C;esqtlref.jpg
telescopica-reforzada-45mm-250mm-negra-brz-2026-n;Telescopica Reforzada (45mm) 250mm Negra;Correderas para Muebles;;;;;;;3150.00;;;;;;;BRZ-2026-N;;SI;NO;Marca: BRONZEN<br>Código: BRZ-2026-N<br>Producto disponible en Herrajes Darío.;BRONZEN;Telescopica Reforzada (45mm) 250mm Negra | Herrajes Darío;Telescopica Reforzada (45mm) 250mm Negra marca BRONZEN. Código BRZ-2026-N. Consultá disponibilidad en Herrajes Darío.;BRONZEN;SI;;;;;https://drive.google.com/uc?export=view&id=14PkMwavC3b8h8oFzV1Z_OCiKZkhsvl-C;esqtlref.jpg
telescopica-reforzada-45mm-300mm-zincada-brz-2031-z;Telescopica Reforzada (45mm) 300mm Zincada;Correderas para Muebles;;;;;;;3780.00;;;;;;;BRZ-2031-Z;;SI;NO;Marca: BRONZEN<br>Código: BRZ-2031-Z<br>Producto disponible en Herrajes Darío.;BRONZEN;Telescopica Reforzada (45mm) 300mm Zincada | Herrajes Darío;Telescopica Reforzada (45mm) 300mm Zincada marca BRONZEN. Código BRZ-2031-Z. Consultá disponibilidad en Herrajes Darío.;BRONZEN;SI;;;;;https://drive.google.com/uc?export=view&id=14PkMwavC3b8h8oFzV1Z_OCiKZkhsvl-C;esqtlref.jpg
telescopica-reforzada-45mm-300mm-negra-brz-2031-n;Telescopica Reforzada (45mm) 300mm Negra;Correderas para Muebles;;;;;;;3780.00;;;;;;;BRZ-2031-N;;SI;NO;Marca: BRONZEN<br>Código: BRZ-2031-N<br>Producto disponible en Herrajes Darío.;BRONZEN;Telescopica Reforzada (45mm) 300mm Negra | Herrajes Darío;Telescopica Reforzada (45mm) 300mm Negra marca BRONZEN. Código BRZ-2031-N. Consultá disponibilidad en Herrajes Darío.;BRONZEN;SI;;;;;https://drive.google.com/uc?export=view&id=14PkMwavC3b8h8oFzV1Z_OCiKZkhsvl-C;esqtlref.jpg
telescopica-reforzada-45mm-350mm-zincada-brz-2036-z;Telescopica Reforzada (45mm) 350mm Zincada;Correderas para Muebles;;;;;;;4410.00;;;;;;;BRZ-2036-Z;;SI;NO;Marca: BRONZEN<br>Código: BRZ-2036-Z<br>Producto disponible en Herrajes Darío.;BRONZEN;Telescopica Reforzada (45mm) 350mm Zincada | Herrajes Darío;Telescopica Reforzada (45mm) 350mm Zincada marca BRONZEN. Código BRZ-2036-Z. Consultá disponibilidad en Herrajes Darío.;BRONZEN;SI;;;;;https://drive.google.com/uc?export=view&id=14PkMwavC3b8h8oFzV1Z_OCiKZkhsvl-C;esqtlref.jpg
telescopica-reforzada-45mm-350mm-negra-brz-2036-n;Telescopica Reforzada (45mm) 350mm Negra;Correderas para Muebles;;;;;;;4410.00;;;;;;;BRZ-2036-N;;SI;NO;Marca: BRONZEN<br>Código: BRZ-2036-N<br>Producto disponible en Herrajes Darío.;BRONZEN;Telescopica Reforzada (45mm) 350mm Negra | Herrajes Darío;Telescopica Reforzada (45mm) 350mm Negra marca BRONZEN. Código BRZ-2036-N. Consultá disponibilidad en Herrajes Darío.;BRONZEN;SI;;;;;https://drive.google.com/uc?export=view&id=14PkMwavC3b8h8oFzV1Z_OCiKZkhsvl-C;esqtlref.jpg
telescopica-reforzada-45mm-400mm-zincada-brz-2041-z;Telescopica Reforzada (45mm) 400mm Zincada;Correderas para Muebles;;;;;;;5040.00;;;;;;;BRZ-2041-Z;;SI;NO;Marca: BRONZEN<br>Código: BRZ-2041-Z<br>Producto disponible en Herrajes Darío.;BRONZEN;Telescopica Reforzada (45mm) 400mm Zincada | Herrajes Darío;Telescopica Reforzada (45mm) 400mm Zincada marca BRONZEN. Código BRZ-2041-Z. Consultá disponibilidad en Herrajes Darío.;BRONZEN;SI;;;;;https://drive.google.com/uc?export=view&id=14PkMwavC3b8h8oFzV1Z_OCiKZkhsvl-C;esqtlref.jpg
telescopica-reforzada-45mm-400mm-negra-brz-2041-n;Telescopica Reforzada (45mm) 400mm Negra;Correderas para Muebles;;;;;;;5040.00;;;;;;;BRZ-2041-N;;SI;NO;Marca: BRONZEN<br>Código: BRZ-2041-N<br>Producto disponible en Herrajes Darío.;BRONZEN;Telescopica Reforzada (45mm) 400mm Negra | Herrajes Darío;Telescopica Reforzada (45mm) 400mm Negra marca BRONZEN. Código BRZ-2041-N. Consultá disponibilidad en Herrajes Darío.;BRONZEN;SI;;;;;https://drive.google.com/uc?export=view&id=14PkMwavC3b8h8oFzV1Z_OCiKZkhsvl-C;esqtlref.jpg
telescopica-reforzada-45mm-450mm-zincada-brz-2046-z;Telescopica Reforzada (45mm) 450mm Zincada;Correderas para Muebles;;;;;;;5670.00;;;;;;;BRZ-2046-Z;;SI;NO;Marca: BRONZEN<br>Código: BRZ-2046-Z<br>Producto disponible en Herrajes Darío.;BRONZEN;Telescopica Reforzada (45mm) 450mm Zincada | Herrajes Darío;Telescopica Reforzada (45mm) 450mm Zincada marca BRONZEN. Código BRZ-2046-Z. Consultá disponibilidad en Herrajes Darío.;BRONZEN;SI;;;;;https://drive.google.com/uc?export=view&id=14PkMwavC3b8h8oFzV1Z_OCiKZkhsvl-C;esqtlref.jpg
telescopica-reforzada-45mm-450mm-negra-brz-2046-n;Telescopica Reforzada (45mm) 450mm Negra;Correderas para Muebles;;;;;;;5670.00;;;;;;;BRZ-2046-N;;SI;NO;Marca: BRONZEN<br>Código: BRZ-2046-N<br>Producto disponible en Herrajes Darío.;BRONZEN;Telescopica Reforzada (45mm) 450mm Negra | Herrajes Darío;Telescopica Reforzada (45mm) 450mm Negra marca BRONZEN. Código BRZ-2046-N. Consultá disponibilidad en Herrajes Darío.;BRONZEN;SI;;;;;https://drive.google.com/uc?export=view&id=14PkMwavC3b8h8oFzV1Z_OCiKZkhsvl-C;esqtlref.jpg
telescopica-reforzada-45mm-500mm-zincada-brz-2051-z;Telescopica Reforzada (45mm) 500mm Zincada;Correderas para Muebles;;;;;;;6300.00;;;;;;;BRZ-2051-Z;;SI;NO;Marca: BRONZEN<br>Código: BRZ-2051-Z<br>Producto disponible en Herrajes Darío.;BRONZEN;Telescopica Reforzada (45mm) 500mm Zincada | Herrajes Darío;Telescopica Reforzada (45mm) 500mm Zincada marca BRONZEN. Código BRZ-2051-Z. Consultá disponibilidad en Herrajes Darío.;BRONZEN;SI;;;;;https://drive.google.com/uc?export=view&id=14PkMwavC3b8h8oFzV1Z_OCiKZkhsvl-C;esqtlref.jpg
telescopica-reforzada-45mm-500mm-negra-brz-2051-n;Telescopica Reforzada (45mm) 500mm Negra;Correderas para Muebles;;;;;;;6300.00;;;;;;;BRZ-2051-N;;SI;NO;Marca: BRONZEN<br>Código: BRZ-2051-N<br>Producto disponible en Herrajes Darío.;BRONZEN;Telescopica Reforzada (45mm) 500mm Negra | Herrajes Darío;Telescopica Reforzada (45mm) 500mm Negra marca BRONZEN. Código BRZ-2051-N. Consultá disponibilidad en Herrajes Darío.;BRONZEN;SI;;;;;https://drive.google.com/uc?export=view&id=14PkMwavC3b8h8oFzV1Z_OCiKZkhsvl-C;esqtlref.jpg
telescopica-reforzada-45mm-550mm-zincada-brz-2056-z;Telescopica Reforzada (45mm) 550mm Zincada;Correderas para Muebles;;;;;;;6930.00;;;;;;;BRZ-2056-Z;;SI;NO;Marca: BRONZEN<br>Código: BRZ-2056-Z<br>Producto disponible en Herrajes Darío.;BRONZEN;Telescopica Reforzada (45mm) 550mm Zincada | Herrajes Darío;Telescopica Reforzada (45mm) 550mm Zincada marca BRONZEN. Código BRZ-2056-Z. Consultá disponibilidad en Herrajes Darío.;BRONZEN;SI;;;;;https://drive.google.com/uc?export=view&id=14PkMwavC3b8h8oFzV1Z_OCiKZkhsvl-C;esqtlref.jpg
telescopica-reforzada-45mm-550mm-negra-brz-2056-n;Telescopica Reforzada (45mm) 550mm Negra;Correderas para Muebles;;;;;;;6930.00;;;;;;;BRZ-2056-N;;SI;NO;Marca: BRONZEN<br>Código: BRZ-2056-N<br>Producto disponible en Herrajes Darío.;BRONZEN;Telescopica Reforzada (45mm) 550mm Negra | Herrajes Darío;Telescopica Reforzada (45mm) 550mm Negra marca BRONZEN. Código BRZ-2056-N. Consultá disponibilidad en Herrajes Darío.;BRONZEN;SI;;;;;https://drive.google.com/uc?export=view&id=14PkMwavC3b8h8oFzV1Z_OCiKZkhsvl-C;esqtlref.jpg
telescopica-liviana-35mm-250mm-zincada-brz-1825-z;Telescopica Liviana (35mm) 250mm Zincada;Correderas para Muebles;;;;;;;2100.00;;;;;;;BRZ-1825-Z;;SI;NO;Marca: BRONZEN<br>Código: BRZ-1825-Z<br>Producto disponible en Herrajes Darío.;BRONZEN;Telescopica Liviana (35mm) 250mm Zincada | Herrajes Darío;Telescopica Liviana (35mm) 250mm Zincada marca BRONZEN. Código BRZ-1825-Z. Consultá disponibilidad en Herrajes Darío.;BRONZEN;SI;;;;;https://drive.google.com/uc?export=view&id=106TQSI8_NwuEDGWiZBgoo1PWPM9VN9AO;esqtlliviana.jpg
telescopica-liviana-35mm-250mm-negra-brz-1825-n;Telescopica Liviana (35mm) 250mm Negra;Correderas para Muebles;;;;;;;2100.00;;;;;;;BRZ-1825-N;;SI;NO;Marca: BRONZEN<br>Código: BRZ-1825-N<br>Producto disponible en Herrajes Darío.;BRONZEN;Telescopica Liviana (35mm) 250mm Negra | Herrajes Darío;Telescopica Liviana (35mm) 250mm Negra marca BRONZEN. Código BRZ-1825-N. Consultá disponibilidad en Herrajes Darío.;BRONZEN;SI;;;;;https://drive.google.com/uc?export=view&id=106TQSI8_NwuEDGWiZBgoo1PWPM9VN9AO;esqtlliviana.jpg
telescopica-liviana-35mm-300mm-zincada-brz-1830-z;Telescopica Liviana (35mm) 300mm Zincada;Correderas para Muebles;;;;;;;2152.50;;;;;;;BRZ-1830-Z;;SI;NO;Marca: BRONZEN<br>Código: BRZ-1830-Z<br>Producto disponible en Herrajes Darío.;BRONZEN;Telescopica Liviana (35mm) 300mm Zincada | Herrajes Darío;Telescopica Liviana (35mm) 300mm Zincada marca BRONZEN. Código BRZ-1830-Z. Consultá disponibilidad en Herrajes Darío.;BRONZEN;SI;;;;;https://drive.google.com/uc?export=view&id=106TQSI8_NwuEDGWiZBgoo1PWPM9VN9AO;esqtlliviana.jpg
telescopica-liviana-35mm-300mm-negra-brz-1830-n;Telescopica Liviana (35mm) 300mm Negra;Correderas para Muebles;;;;;;;2152.50;;;;;;;BRZ-1830-N;;SI;NO;Marca: BRONZEN<br>Código: BRZ-1830-N<br>Producto disponible en Herrajes Darío.;BRONZEN;Telescopica Liviana (35mm) 300mm Negra | Herrajes Darío;Telescopica Liviana (35mm) 300mm Negra marca BRONZEN. Código BRZ-1830-N. Consultá disponibilidad en Herrajes Darío.;BRONZEN;SI;;;;;https://drive.google.com/uc?export=view&id=106TQSI8_NwuEDGWiZBgoo1PWPM9VN9AO;esqtlliviana.jpg
telescopica-liviana-35mm-350mm-zincada-brz-1835-z;Telescopica Liviana (35mm) 350mm Zincada;Correderas para Muebles;;;;;;;2520.00;;;;;;;BRZ-1835-Z;;SI;NO;Marca: BRONZEN<br>Código: BRZ-1835-Z<br>Producto disponible en Herrajes Darío.;BRONZEN;Telescopica Liviana (35mm) 350mm Zincada | Herrajes Darío;Telescopica Liviana (35mm) 350mm Zincada marca BRONZEN. Código BRZ-1835-Z. Consultá disponibilidad en Herrajes Darío.;BRONZEN;SI;;;;;https://drive.google.com/uc?export=view&id=106TQSI8_NwuEDGWiZBgoo1PWPM9VN9AO;esqtlliviana.jpg
telescopica-liviana-35mm-350mm-negra-brz-1835-n;Telescopica Liviana (35mm) 350mm Negra;Correderas para Muebles;;;;;;;2520.00;;;;;;;BRZ-1835-N;;SI;NO;Marca: BRONZEN<br>Código: BRZ-1835-N<br>Producto disponible en Herrajes Darío.;BRONZEN;Telescopica Liviana (35mm) 350mm Negra | Herrajes Darío;Telescopica Liviana (35mm) 350mm Negra marca BRONZEN. Código BRZ-1835-N. Consultá disponibilidad en Herrajes Darío.;BRONZEN;SI;;;;;https://drive.google.com/uc?export=view&id=106TQSI8_NwuEDGWiZBgoo1PWPM9VN9AO;esqtlliviana.jpg
telescopica-liviana-35mm-400mm-zincada-brz-1840-z;Telescopica Liviana (35mm) 400mm Zincada;Correderas para Muebles;;;;;;;2835.00;;;;;;;BRZ-1840-Z;;SI;NO;Marca: BRONZEN<br>Código: BRZ-1840-Z<br>Producto disponible en Herrajes Darío.;BRONZEN;Telescopica Liviana (35mm) 400mm Zincada | Herrajes Darío;Telescopica Liviana (35mm) 400mm Zincada marca BRONZEN. Código BRZ-1840-Z. Consultá disponibilidad en Herrajes Darío.;BRONZEN;SI;;;;;https://drive.google.com/uc?export=view&id=106TQSI8_NwuEDGWiZBgoo1PWPM9VN9AO;esqtlliviana.jpg
telescopica-liviana-35mm-400mm-negra-brz-1840-n;Telescopica Liviana (35mm) 400mm Negra;Correderas para Muebles;;;;;;;2835.00;;;;;;;BRZ-1840-N;;SI;NO;Marca: BRONZEN<br>Código: BRZ-1840-N<br>Producto disponible en Herrajes Darío.;BRONZEN;Telescopica Liviana (35mm) 400mm Negra | Herrajes Darío;Telescopica Liviana (35mm) 400mm Negra marca BRONZEN. Código BRZ-1840-N. Consultá disponibilidad en Herrajes Darío.;BRONZEN;SI;;;;;https://drive.google.com/uc?export=view&id=106TQSI8_NwuEDGWiZBgoo1PWPM9VN9AO;esqtlliviana.jpg
telescopica-liviana-35mm-450mm-zincada-brz-1845-z;Telescopica Liviana (35mm) 450mm Zincada;Correderas para Muebles;;;;;;;3202.50;;;;;;;BRZ-1845-Z;;SI;NO;Marca: BRONZEN<br>Código: BRZ-1845-Z<br>Producto disponible en Herrajes Darío.;BRONZEN;Telescopica Liviana (35mm) 450mm Zincada | Herrajes Darío;Telescopica Liviana (35mm) 450mm Zincada marca BRONZEN. Código BRZ-1845-Z. Consultá disponibilidad en Herrajes Darío.;BRONZEN;SI;;;;;https://drive.google.com/uc?export=view&id=106TQSI8_NwuEDGWiZBgoo1PWPM9VN9AO;esqtlliviana.jpg
telescopica-liviana-35mm-450mm-negra-brz-1845-n;Telescopica Liviana (35mm) 450mm Negra;Correderas para Muebles;;;;;;;3202.50;;;;;;;BRZ-1845-N;;SI;NO;Marca: BRONZEN<br>Código: BRZ-1845-N<br>Producto disponible en Herrajes Darío.;BRONZEN;Telescopica Liviana (35mm) 450mm Negra | Herrajes Darío;Telescopica Liviana (35mm) 450mm Negra marca BRONZEN. Código BRZ-1845-N. Consultá disponibilidad en Herrajes Darío.;BRONZEN;SI;;;;;https://drive.google.com/uc?export=view&id=106TQSI8_NwuEDGWiZBgoo1PWPM9VN9AO;esqtlliviana.jpg
telescopica-liviana-35mm-500mm-zincada-brz-1850-z;Telescopica Liviana (35mm) 500mm Zincada;Correderas para Muebles;;;;;;;3570.00;;;;;;;BRZ-1850-Z;;SI;NO;Marca: BRONZEN<br>Código: BRZ-1850-Z<br>Producto disponible en Herrajes Darío.;BRONZEN;Telescopica Liviana (35mm) 500mm Zincada | Herrajes Darío;Telescopica Liviana (35mm) 500mm Zincada marca BRONZEN. Código BRZ-1850-Z. Consultá disponibilidad en Herrajes Darío.;BRONZEN;SI;;;;;https://drive.google.com/uc?export=view&id=106TQSI8_NwuEDGWiZBgoo1PWPM9VN9AO;esqtlliviana.jpg
telescopica-liviana-35mm-500mm-negra-brz-1850-n;Telescopica Liviana (35mm) 500mm Negra;Correderas para Muebles;;;;;;;3570.00;;;;;;;BRZ-1850-N;;SI;NO;Marca: BRONZEN<br>Código: BRZ-1850-N<br>Producto disponible en Herrajes Darío.;BRONZEN;Telescopica Liviana (35mm) 500mm Negra | Herrajes Darío;Telescopica Liviana (35mm) 500mm Negra marca BRONZEN. Código BRZ-1850-N. Consultá disponibilidad en Herrajes Darío.;BRONZEN;SI;;;;;https://drive.google.com/uc?export=view&id=106TQSI8_NwuEDGWiZBgoo1PWPM9VN9AO;esqtlliviana.jpg
telescopica-liviana-35mm-550mm-zincada-brz-1855-z;Telescopica Liviana (35mm) 550mm Zincada;Correderas para Muebles;;;;;;;3990.00;;;;;;;BRZ-1855-Z;;SI;NO;Marca: BRONZEN<br>Código: BRZ-1855-Z<br>Producto disponible en Herrajes Darío.;BRONZEN;Telescopica Liviana (35mm) 550mm Zincada | Herrajes Darío;Telescopica Liviana (35mm) 550mm Zincada marca BRONZEN. Código BRZ-1855-Z. Consultá disponibilidad en Herrajes Darío.;BRONZEN;SI;;;;;https://drive.google.com/uc?export=view&id=106TQSI8_NwuEDGWiZBgoo1PWPM9VN9AO;esqtlliviana.jpg
telescopica-liviana-35mm-550mm-negra-brz-1855-n;Telescopica Liviana (35mm) 550mm Negra;Correderas para Muebles;;;;;;;3990.00;;;;;;;BRZ-1855-N;;SI;NO;Marca: BRONZEN<br>Código: BRZ-1855-N<br>Producto disponible en Herrajes Darío.;BRONZEN;Telescopica Liviana (35mm) 550mm Negra | Herrajes Darío;Telescopica Liviana (35mm) 550mm Negra marca BRONZEN. Código BRZ-1855-N. Consultá disponibilidad en Herrajes Darío.;BRONZEN;SI;;;;;https://drive.google.com/uc?export=view&id=106TQSI8_NwuEDGWiZBgoo1PWPM9VN9AO;esqtlliviana.jpg
telescopica-reforzada-300mm-cierre-suave-zincada-brz-2130-z;Telescopica Reforzada 300mm Cierre Suave Zincada;Correderas para Muebles;;;;;;;7087.50;;;;;;;BRZ-2130-Z;;SI;NO;Marca: BRONZEN<br>Código: BRZ-2130-Z<br>Producto disponible en Herrajes Darío.;BRONZEN;Telescopica Reforzada 300mm Cierre Suave Zincada | Herrajes Darío;Telescopica Reforzada 300mm Cierre Suave Zincada marca BRONZEN. Código BRZ-2130-Z. Consultá disponibilidad en Herrajes Darío.;BRONZEN;SI;;;;;https://drive.google.com/uc?export=view&id=14G7i_c74bCZiLnZpINyIDYLkkHXowWzZ;esqtlcs.jpg
telescopica-reforzada-300mm-cierre-suave-negra-brz-2130-n;Telescopica Reforzada 300mm Cierre Suave Negra;Correderas para Muebles;;;;;;;7087.50;;;;;;;BRZ-2130-N;;SI;NO;Marca: BRONZEN<br>Código: BRZ-2130-N<br>Producto disponible en Herrajes Darío.;BRONZEN;Telescopica Reforzada 300mm Cierre Suave Negra | Herrajes Darío;Telescopica Reforzada 300mm Cierre Suave Negra marca BRONZEN. Código BRZ-2130-N. Consultá disponibilidad en Herrajes Darío.;BRONZEN;SI;;;;;https://drive.google.com/uc?export=view&id=14G7i_c74bCZiLnZpINyIDYLkkHXowWzZ;esqtlcs.jpg
telescopica-reforzada-350mm-cierre-suave-zincada-brz-2135-z;Telescopica Reforzada 350mm Cierre Suave Zincada;Correderas para Muebles;;;;;;;7297.50;;;;;;;BRZ-2135-Z;;SI;NO;Marca: BRONZEN<br>Código: BRZ-2135-Z<br>Producto disponible en Herrajes Darío.;BRONZEN;Telescopica Reforzada 350mm Cierre Suave Zincada | Herrajes Darío;Telescopica Reforzada 350mm Cierre Suave Zincada marca BRONZEN. Código BRZ-2135-Z. Consultá disponibilidad en Herrajes Darío.;BRONZEN;SI;;;;;https://drive.google.com/uc?export=view&id=14G7i_c74bCZiLnZpINyIDYLkkHXowWzZ;esqtlcs.jpg
telescopica-reforzada-350mm-cierre-suave-negra-brz-2135-n;Telescopica Reforzada 350mm Cierre Suave Negra;Correderas para Muebles;;;;;;;7297.50;;;;;;;BRZ-2135-N;;SI;NO;Marca: BRONZEN<br>Código: BRZ-2135-N<br>Producto disponible en Herrajes Darío.;BRONZEN;Telescopica Reforzada 350mm Cierre Suave Negra | Herrajes Darío;Telescopica Reforzada 350mm Cierre Suave Negra marca BRONZEN. Código BRZ-2135-N. Consultá disponibilidad en Herrajes Darío.;BRONZEN;SI;;;;;https://drive.google.com/uc?export=view&id=14G7i_c74bCZiLnZpINyIDYLkkHXowWzZ;esqtlcs.jpg
telescopica-reforzada-400mm-cierre-suave-zincada-brz-2140-z;Telescopica Reforzada 400mm Cierre Suave Zincada;Correderas para Muebles;;;;;;;7980.00;;;;;;;BRZ-2140-Z;;SI;NO;Marca: BRONZEN<br>Código: BRZ-2140-Z<br>Producto disponible en Herrajes Darío.;BRONZEN;Telescopica Reforzada 400mm Cierre Suave Zincada | Herrajes Darío;Telescopica Reforzada 400mm Cierre Suave Zincada marca BRONZEN. Código BRZ-2140-Z. Consultá disponibilidad en Herrajes Darío.;BRONZEN;SI;;;;;https://drive.google.com/uc?export=view&id=14G7i_c74bCZiLnZpINyIDYLkkHXowWzZ;esqtlcs.jpg
telescopica-reforzada-400mm-cierre-suave-negra-brz-2140-n;Telescopica Reforzada 400mm Cierre Suave Negra;Correderas para Muebles;;;;;;;7980.00;;;;;;;BRZ-2140-N;;SI;NO;Marca: BRONZEN<br>Código: BRZ-2140-N<br>Producto disponible en Herrajes Darío.;BRONZEN;Telescopica Reforzada 400mm Cierre Suave Negra | Herrajes Darío;Telescopica Reforzada 400mm Cierre Suave Negra marca BRONZEN. Código BRZ-2140-N. Consultá disponibilidad en Herrajes Darío.;BRONZEN;SI;;;;;https://drive.google.com/uc?export=view&id=14G7i_c74bCZiLnZpINyIDYLkkHXowWzZ;esqtlcs.jpg
telescopica-reforzada-450mm-cierre-suave-zincada-brz-2145-z;Telescopica Reforzada 450mm Cierre Suave Zincada;Correderas para Muebles;;;;;;;8610.00;;;;;;;BRZ-2145-Z;;SI;NO;Marca: BRONZEN<br>Código: BRZ-2145-Z<br>Producto disponible en Herrajes Darío.;BRONZEN;Telescopica Reforzada 450mm Cierre Suave Zincada | Herrajes Darío;Telescopica Reforzada 450mm Cierre Suave Zincada marca BRONZEN. Código BRZ-2145-Z. Consultá disponibilidad en Herrajes Darío.;BRONZEN;SI;;;;;https://drive.google.com/uc?export=view&id=14G7i_c74bCZiLnZpINyIDYLkkHXowWzZ;esqtlcs.jpg
telescopica-reforzada-450mm-cierre-suave-negra-brz-2145-n;Telescopica Reforzada 450mm Cierre Suave Negra;Correderas para Muebles;;;;;;;8610.00;;;;;;;BRZ-2145-N;;SI;NO;Marca: BRONZEN<br>Código: BRZ-2145-N<br>Producto disponible en Herrajes Darío.;BRONZEN;Telescopica Reforzada 450mm Cierre Suave Negra | Herrajes Darío;Telescopica Reforzada 450mm Cierre Suave Negra marca BRONZEN. Código BRZ-2145-N. Consultá disponibilidad en Herrajes Darío.;BRONZEN;SI;;;;;https://drive.google.com/uc?export=view&id=14G7i_c74bCZiLnZpINyIDYLkkHXowWzZ;esqtlcs.jpg
telescopica-reforzada-500mm-cierre-suave-zincada-brz-2150-z;Telescopica Reforzada 500mm Cierre Suave Zincada;Correderas para Muebles;;;;;;;9345.00;;;;;;;BRZ-2150-Z;;SI;NO;Marca: BRONZEN<br>Código: BRZ-2150-Z<br>Producto disponible en Herrajes Darío.;BRONZEN;Telescopica Reforzada 500mm Cierre Suave Zincada | Herrajes Darío;Telescopica Reforzada 500mm Cierre Suave Zincada marca BRONZEN. Código BRZ-2150-Z. Consultá disponibilidad en Herrajes Darío.;BRONZEN;SI;;;;;https://drive.google.com/uc?export=view&id=14G7i_c74bCZiLnZpINyIDYLkkHXowWzZ;esqtlcs.jpg
telescopica-reforzada-500mm-cierre-suave-negra-brz-2150-n;Telescopica Reforzada 500mm Cierre Suave Negra;Correderas para Muebles;;;;;;;9345.00;;;;;;;BRZ-2150-N;;SI;NO;Marca: BRONZEN<br>Código: BRZ-2150-N<br>Producto disponible en Herrajes Darío.;BRONZEN;Telescopica Reforzada 500mm Cierre Suave Negra | Herrajes Darío;Telescopica Reforzada 500mm Cierre Suave Negra marca BRONZEN. Código BRZ-2150-N. Consultá disponibilidad en Herrajes Darío.;BRONZEN;SI;;;;;https://drive.google.com/uc?export=view&id=14G7i_c74bCZiLnZpINyIDYLkkHXowWzZ;esqtlcs.jpg
telescopica-reforzada-550mm-cierre-suave-zincada-brz-2155-z;Telescopica Reforzada 550mm Cierre Suave Zincada;Correderas para Muebles;;;;;;;10080.00;;;;;;;BRZ-2155-Z;;SI;NO;Marca: BRONZEN<br>Código: BRZ-2155-Z<br>Producto disponible en Herrajes Darío.;BRONZEN;Telescopica Reforzada 550mm Cierre Suave Zincada | Herrajes Darío;Telescopica Reforzada 550mm Cierre Suave Zincada marca BRONZEN. Código BRZ-2155-Z. Consultá disponibilidad en Herrajes Darío.;BRONZEN;SI;;;;;https://drive.google.com/uc?export=view&id=14G7i_c74bCZiLnZpINyIDYLkkHXowWzZ;esqtlcs.jpg
telescopica-reforzada-550mm-cierre-suave-negra-brz-2155-n;Telescopica Reforzada 550mm Cierre Suave Negra;Correderas para Muebles;;;;;;;10080.00;;;;;;;BRZ-2155-N;;SI;NO;Marca: BRONZEN<br>Código: BRZ-2155-N<br>Producto disponible en Herrajes Darío.;BRONZEN;Telescopica Reforzada 550mm Cierre Suave Negra | Herrajes Darío;Telescopica Reforzada 550mm Cierre Suave Negra marca BRONZEN. Código BRZ-2155-N. Consultá disponibilidad en Herrajes Darío.;BRONZEN;SI;;;;;https://drive.google.com/uc?export=view&id=14G7i_c74bCZiLnZpINyIDYLkkHXowWzZ;esqtlcs.jpg
telescopica-reforzada-250mm-zincada-494-02-360;Telescopica Reforzada 250mm Zincada;Correderas para Muebles;;;;;;;6867.00;;;;;;;494.02.360;;SI;NO;Marca: HAFELE<br>Código: 494.02.360<br>Producto disponible en Herrajes Darío.;HAFELE;Telescopica Reforzada 250mm Zincada | Herrajes Darío;Telescopica Reforzada 250mm Zincada marca HAFELE. Código 494.02.360. Consultá disponibilidad en Herrajes Darío.;HAFELE;SI;;;;;https://drive.google.com/uc?export=view&id=1v2KV6hyn87UrqCs9FfDGp2NY2697fHM6;tlhafele.jpg
telescopica-reforzada-250mm-negra-494-02-370;Telescopica Reforzada 250mm Negra;Correderas para Muebles;;;;;;;6867.00;;;;;;;494.02.370;;SI;NO;Marca: HAFELE<br>Código: 494.02.370<br>Producto disponible en Herrajes Darío.;HAFELE;Telescopica Reforzada 250mm Negra | Herrajes Darío;Telescopica Reforzada 250mm Negra marca HAFELE. Código 494.02.370. Consultá disponibilidad en Herrajes Darío.;HAFELE;SI;;;;;https://drive.google.com/uc?export=view&id=1h8FRuHBahbBnMx00BdZIfUluqgwMLUiD;tlhafele1.jpg
telescopica-reforzada-300mm-zincada-494-02-361;Telescopica Reforzada 300mm Zincada;Correderas para Muebles;;;;;;;8137.50;;;;;;;494.02.361;;SI;NO;Marca: HAFELE<br>Código: 494.02.361<br>Producto disponible en Herrajes Darío.;HAFELE;Telescopica Reforzada 300mm Zincada | Herrajes Darío;Telescopica Reforzada 300mm Zincada marca HAFELE. Código 494.02.361. Consultá disponibilidad en Herrajes Darío.;HAFELE;SI;;;;;https://drive.google.com/uc?export=view&id=1v2KV6hyn87UrqCs9FfDGp2NY2697fHM6;tlhafele.jpg
telescopica-reforzada-300mm-negra-494-02-371;Telescopica Reforzada 300mm Negra;Correderas para Muebles;;;;;;;8137.50;;;;;;;494.02.371;;SI;NO;Marca: HAFELE<br>Código: 494.02.371<br>Producto disponible en Herrajes Darío.;HAFELE;Telescopica Reforzada 300mm Negra | Herrajes Darío;Telescopica Reforzada 300mm Negra marca HAFELE. Código 494.02.371. Consultá disponibilidad en Herrajes Darío.;HAFELE;SI;;;;;https://drive.google.com/uc?export=view&id=1h8FRuHBahbBnMx00BdZIfUluqgwMLUiD;tlhafele1.jpg
telescopica-reforzada-350mm-zincada-494-02-362;Telescopica Reforzada 350mm Zincada;Correderas para Muebles;;;;;;;9397.50;;;;;;;494.02.362;;SI;NO;Marca: HAFELE<br>Código: 494.02.362<br>Producto disponible en Herrajes Darío.;HAFELE;Telescopica Reforzada 350mm Zincada | Herrajes Darío;Telescopica Reforzada 350mm Zincada marca HAFELE. Código 494.02.362. Consultá disponibilidad en Herrajes Darío.;HAFELE;SI;;;;;https://drive.google.com/uc?export=view&id=1v2KV6hyn87UrqCs9FfDGp2NY2697fHM6;tlhafele.jpg
telescopica-reforzada-350mm-negra-494-02-372;Telescopica Reforzada 350mm Negra;Correderas para Muebles;;;;;;;9397.50;;;;;;;494.02.372;;SI;NO;Marca: HAFELE<br>Código: 494.02.372<br>Producto disponible en Herrajes Darío.;HAFELE;Telescopica Reforzada 350mm Negra | Herrajes Darío;Telescopica Reforzada 350mm Negra marca HAFELE. Código 494.02.372. Consultá disponibilidad en Herrajes Darío.;HAFELE;SI;;;;;https://drive.google.com/uc?export=view&id=1h8FRuHBahbBnMx00BdZIfUluqgwMLUiD;tlhafele1.jpg
telescopica-reforzada-400mm-zincada-494-02-363;Telescopica Reforzada 400mm Zincada;Correderas para Muebles;;;;;;;10605.00;;;;;;;494.02.363;;SI;NO;Marca: HAFELE<br>Código: 494.02.363<br>Producto disponible en Herrajes Darío.;HAFELE;Telescopica Reforzada 400mm Zincada | Herrajes Darío;Telescopica Reforzada 400mm Zincada marca HAFELE. Código 494.02.363. Consultá disponibilidad en Herrajes Darío.;HAFELE;SI;;;;;https://drive.google.com/uc?export=view&id=1v2KV6hyn87UrqCs9FfDGp2NY2697fHM6;tlhafele.jpg
telescopica-reforzada-400mm-negra-494-02-373;Telescopica Reforzada 400mm Negra;Correderas para Muebles;;;;;;;10605.00;;;;;;;494.02.373;;SI;NO;Marca: HAFELE<br>Código: 494.02.373<br>Producto disponible en Herrajes Darío.;HAFELE;Telescopica Reforzada 400mm Negra | Herrajes Darío;Telescopica Reforzada 400mm Negra marca HAFELE. Código 494.02.373. Consultá disponibilidad en Herrajes Darío.;HAFELE;SI;;;;;https://drive.google.com/uc?export=view&id=1h8FRuHBahbBnMx00BdZIfUluqgwMLUiD;tlhafele1.jpg
telescopica-reforzada-450mm-zincada-494-02-364;Telescopica Reforzada 450mm Zincada;Correderas para Muebles;;;;;;;11865.00;;;;;;;494.02.364;;SI;NO;Marca: HAFELE<br>Código: 494.02.364<br>Producto disponible en Herrajes Darío.;HAFELE;Telescopica Reforzada 450mm Zincada | Herrajes Darío;Telescopica Reforzada 450mm Zincada marca HAFELE. Código 494.02.364. Consultá disponibilidad en Herrajes Darío.;HAFELE;SI;;;;;https://drive.google.com/uc?export=view&id=1v2KV6hyn87UrqCs9FfDGp2NY2697fHM6;tlhafele.jpg
telescopica-reforzada-450mm-negra-494-02-374;Telescopica Reforzada 450mm Negra;Correderas para Muebles;;;;;;;11865.00;;;;;;;494.02.374;;SI;NO;Marca: HAFELE<br>Código: 494.02.374<br>Producto disponible en Herrajes Darío.;HAFELE;Telescopica Reforzada 450mm Negra | Herrajes Darío;Telescopica Reforzada 450mm Negra marca HAFELE. Código 494.02.374. Consultá disponibilidad en Herrajes Darío.;HAFELE;SI;;;;;https://drive.google.com/uc?export=view&id=1h8FRuHBahbBnMx00BdZIfUluqgwMLUiD;tlhafele1.jpg
telescopica-reforzada-500mm-zincada-494-02-365;Telescopica Reforzada 500mm Zincada;Correderas para Muebles;;;;;;;12705.00;;;;;;;494.02.365;;SI;NO;Marca: HAFELE<br>Código: 494.02.365<br>Producto disponible en Herrajes Darío.;HAFELE;Telescopica Reforzada 500mm Zincada | Herrajes Darío;Telescopica Reforzada 500mm Zincada marca HAFELE. Código 494.02.365. Consultá disponibilidad en Herrajes Darío.;HAFELE;SI;;;;;https://drive.google.com/uc?export=view&id=1v2KV6hyn87UrqCs9FfDGp2NY2697fHM6;tlhafele.jpg
telescopica-reforzada-500mm-negra-494-02-375;Telescopica Reforzada 500mm Negra;Correderas para Muebles;;;;;;;12705.00;;;;;;;494.02.375;;SI;NO;Marca: HAFELE<br>Código: 494.02.375<br>Producto disponible en Herrajes Darío.;HAFELE;Telescopica Reforzada 500mm Negra | Herrajes Darío;Telescopica Reforzada 500mm Negra marca HAFELE. Código 494.02.375. Consultá disponibilidad en Herrajes Darío.;HAFELE;SI;;;;;https://drive.google.com/uc?export=view&id=1h8FRuHBahbBnMx00BdZIfUluqgwMLUiD;tlhafele1.jpg
telescopica-reforzada-550mm-zincada-494-02-366;Telescopica Reforzada 550mm Zincada;Correderas para Muebles;;;;;;;13912.50;;;;;;;494.02.366;;SI;NO;Marca: HAFELE<br>Código: 494.02.366<br>Producto disponible en Herrajes Darío.;HAFELE;Telescopica Reforzada 550mm Zincada | Herrajes Darío;Telescopica Reforzada 550mm Zincada marca HAFELE. Código 494.02.366. Consultá disponibilidad en Herrajes Darío.;HAFELE;SI;;;;;https://drive.google.com/uc?export=view&id=1v2KV6hyn87UrqCs9FfDGp2NY2697fHM6;tlhafele.jpg
telescopica-reforzada-550mm-negra-494-02-376;Telescopica Reforzada 550mm Negra;Correderas para Muebles;;;;;;;13912.50;;;;;;;494.02.376;;SI;NO;Marca: HAFELE<br>Código: 494.02.376<br>Producto disponible en Herrajes Darío.;HAFELE;Telescopica Reforzada 550mm Negra | Herrajes Darío;Telescopica Reforzada 550mm Negra marca HAFELE. Código 494.02.376. Consultá disponibilidad en Herrajes Darío.;HAFELE;SI;;;;;https://drive.google.com/uc?export=view&id=1h8FRuHBahbBnMx00BdZIfUluqgwMLUiD;tlhafele1.jpg
telescopica-reforzada-600mm-zincada-494-02-367;Telescopica Reforzada 600mm Zincada;Correderas para Muebles;;;;;;;15120.00;;;;;;;494.02.367;;SI;NO;Marca: HAFELE<br>Código: 494.02.367<br>Producto disponible en Herrajes Darío.;HAFELE;Telescopica Reforzada 600mm Zincada | Herrajes Darío;Telescopica Reforzada 600mm Zincada marca HAFELE. Código 494.02.367. Consultá disponibilidad en Herrajes Darío.;HAFELE;SI;;;;;https://drive.google.com/uc?export=view&id=1v2KV6hyn87UrqCs9FfDGp2NY2697fHM6;tlhafele.jpg
telescopica-reforzada-600mm-negra-494-02-377;Telescopica Reforzada 600mm Negra;Correderas para Muebles;;;;;;;15120.00;;;;;;;494.02.377;;SI;NO;Marca: HAFELE<br>Código: 494.02.377<br>Producto disponible en Herrajes Darío.;HAFELE;Telescopica Reforzada 600mm Negra | Herrajes Darío;Telescopica Reforzada 600mm Negra marca HAFELE. Código 494.02.377. Consultá disponibilidad en Herrajes Darío.;HAFELE;SI;;;;;https://drive.google.com/uc?export=view&id=1h8FRuHBahbBnMx00BdZIfUluqgwMLUiD;tlhafele1.jpg
telescopica-reforzada-300mm-cierre-suave-zincada-494-02-061;Telescopica Reforzada 300mm Cierre Suave Zincada;Correderas para Muebles;;;;;;;14437.50;;;;;;;494.02.061;;SI;NO;Marca: HAFELE<br>Código: 494.02.061<br>Producto disponible en Herrajes Darío.;HAFELE;Telescopica Reforzada 300mm Cierre Suave Zincada | Herrajes Darío;Telescopica Reforzada 300mm Cierre Suave Zincada marca HAFELE. Código 494.02.061. Consultá disponibilidad en Herrajes Darío.;HAFELE;SI;;;;;https://drive.google.com/uc?export=view&id=1v31A0LycCBCx3Y6RgMiFHNjHg25WoMT6;tlcs.jpg
telescopica-reforzada-300mm-cierre-suave-negra-494-02-071;Telescopica Reforzada 300mm Cierre Suave Negra;Correderas para Muebles;;;;;;;14437.50;;;;;;;494.02.071;;SI;NO;Marca: HAFELE<br>Código: 494.02.071<br>Producto disponible en Herrajes Darío.;HAFELE;Telescopica Reforzada 300mm Cierre Suave Negra | Herrajes Darío;Telescopica Reforzada 300mm Cierre Suave Negra marca HAFELE. Código 494.02.071. Consultá disponibilidad en Herrajes Darío.;HAFELE;SI;;;;;https://drive.google.com/uc?export=view&id=1v31A0LycCBCx3Y6RgMiFHNjHg25WoMT6;tlcs.jpg
telescopica-reforzada-350mm-cierre-suave-zincada-494-02-062;Telescopica Reforzada 350mm Cierre Suave Zincada;Correderas para Muebles;;;;;;;15907.50;;;;;;;494.02.062;;SI;NO;Marca: HAFELE<br>Código: 494.02.062<br>Producto disponible en Herrajes Darío.;HAFELE;Telescopica Reforzada 350mm Cierre Suave Zincada | Herrajes Darío;Telescopica Reforzada 350mm Cierre Suave Zincada marca HAFELE. Código 494.02.062. Consultá disponibilidad en Herrajes Darío.;HAFELE;SI;;;;;https://drive.google.com/uc?export=view&id=1v31A0LycCBCx3Y6RgMiFHNjHg25WoMT6;tlcs.jpg
telescopica-reforzada-350mm-cierre-suave-negra-494-02-072;Telescopica Reforzada 350mm Cierre Suave Negra;Correderas para Muebles;;;;;;;15907.50;;;;;;;494.02.072;;SI;NO;Marca: HAFELE<br>Código: 494.02.072<br>Producto disponible en Herrajes Darío.;HAFELE;Telescopica Reforzada 350mm Cierre Suave Negra | Herrajes Darío;Telescopica Reforzada 350mm Cierre Suave Negra marca HAFELE. Código 494.02.072. Consultá disponibilidad en Herrajes Darío.;HAFELE;SI;;;;;https://drive.google.com/uc?export=view&id=1v31A0LycCBCx3Y6RgMiFHNjHg25WoMT6;tlcs.jpg
telescopica-reforzada-400mm-cierre-suave-zincada-494-02-063;Telescopica Reforzada 400mm Cierre Suave Zincada;Correderas para Muebles;;;;;;;17325.00;;;;;;;494.02.063;;SI;NO;Marca: HAFELE<br>Código: 494.02.063<br>Producto disponible en Herrajes Darío.;HAFELE;Telescopica Reforzada 400mm Cierre Suave Zincada | Herrajes Darío;Telescopica Reforzada 400mm Cierre Suave Zincada marca HAFELE. Código 494.02.063. Consultá disponibilidad en Herrajes Darío.;HAFELE;SI;;;;;https://drive.google.com/uc?export=view&id=1v31A0LycCBCx3Y6RgMiFHNjHg25WoMT6;tlcs.jpg
telescopica-reforzada-400mm-cierre-suave-negra-494-02-073;Telescopica Reforzada 400mm Cierre Suave Negra;Correderas para Muebles;;;;;;;17325.00;;;;;;;494.02.073;;SI;NO;Marca: HAFELE<br>Código: 494.02.073<br>Producto disponible en Herrajes Darío.;HAFELE;Telescopica Reforzada 400mm Cierre Suave Negra | Herrajes Darío;Telescopica Reforzada 400mm Cierre Suave Negra marca HAFELE. Código 494.02.073. Consultá disponibilidad en Herrajes Darío.;HAFELE;SI;;;;;https://drive.google.com/uc?export=view&id=1v31A0LycCBCx3Y6RgMiFHNjHg25WoMT6;tlcs.jpg
telescopica-reforzada-450mm-cierre-suave-zincada-494-02-064;Telescopica Reforzada 450mm Cierre Suave Zincada;Correderas para Muebles;;;;;;;18795.00;;;;;;;494.02.064;;SI;NO;Marca: HAFELE<br>Código: 494.02.064<br>Producto disponible en Herrajes Darío.;HAFELE;Telescopica Reforzada 450mm Cierre Suave Zincada | Herrajes Darío;Telescopica Reforzada 450mm Cierre Suave Zincada marca HAFELE. Código 494.02.064. Consultá disponibilidad en Herrajes Darío.;HAFELE;SI;;;;;https://drive.google.com/uc?export=view&id=1v31A0LycCBCx3Y6RgMiFHNjHg25WoMT6;tlcs.jpg
telescopica-reforzada-450mm-cierre-suave-negra-494-02-074;Telescopica Reforzada 450mm Cierre Suave Negra;Correderas para Muebles;;;;;;;18795.00;;;;;;;494.02.074;;SI;NO;Marca: HAFELE<br>Código: 494.02.074<br>Producto disponible en Herrajes Darío.;HAFELE;Telescopica Reforzada 450mm Cierre Suave Negra | Herrajes Darío;Telescopica Reforzada 450mm Cierre Suave Negra marca HAFELE. Código 494.02.074. Consultá disponibilidad en Herrajes Darío.;HAFELE;SI;;;;;https://drive.google.com/uc?export=view&id=1v31A0LycCBCx3Y6RgMiFHNjHg25WoMT6;tlcs.jpg
telescopica-reforzada-500mm-cierre-suave-zincada-494-02-065;Telescopica Reforzada 500mm Cierre Suave Zincada;Correderas para Muebles;;;;;;;20160.00;;;;;;;494.02.065;;SI;NO;Marca: HAFELE<br>Código: 494.02.065<br>Producto disponible en Herrajes Darío.;HAFELE;Telescopica Reforzada 500mm Cierre Suave Zincada | Herrajes Darío;Telescopica Reforzada 500mm Cierre Suave Zincada marca HAFELE. Código 494.02.065. Consultá disponibilidad en Herrajes Darío.;HAFELE;SI;;;;;https://drive.google.com/uc?export=view&id=1v31A0LycCBCx3Y6RgMiFHNjHg25WoMT6;tlcs.jpg
telescopica-reforzada-500mm-cierre-suave-negra-494-02-075;Telescopica Reforzada 500mm Cierre Suave Negra;Correderas para Muebles;;;;;;;20160.00;;;;;;;494.02.075;;SI;NO;Marca: HAFELE<br>Código: 494.02.075<br>Producto disponible en Herrajes Darío.;HAFELE;Telescopica Reforzada 500mm Cierre Suave Negra | Herrajes Darío;Telescopica Reforzada 500mm Cierre Suave Negra marca HAFELE. Código 494.02.075. Consultá disponibilidad en Herrajes Darío.;HAFELE;SI;;;;;https://drive.google.com/uc?export=view&id=1v31A0LycCBCx3Y6RgMiFHNjHg25WoMT6;tlcs.jpg
telescopica-reforzada-550mm-cierre-suave-zincada-494-02-066;Telescopica Reforzada 550mm Cierre Suave Zincada;Correderas para Muebles;;;;;;;21577.50;;;;;;;494.02.066;;SI;NO;Marca: HAFELE<br>Código: 494.02.066<br>Producto disponible en Herrajes Darío.;HAFELE;Telescopica Reforzada 550mm Cierre Suave Zincada | Herrajes Darío;Telescopica Reforzada 550mm Cierre Suave Zincada marca HAFELE. Código 494.02.066. Consultá disponibilidad en Herrajes Darío.;HAFELE;SI;;;;;https://drive.google.com/uc?export=view&id=1v31A0LycCBCx3Y6RgMiFHNjHg25WoMT6;tlcs.jpg
telescopica-reforzada-550mm-cierre-suave-negra-494-02-076;Telescopica Reforzada 550mm Cierre Suave Negra;Correderas para Muebles;;;;;;;21577.50;;;;;;;494.02.076;;SI;NO;Marca: HAFELE<br>Código: 494.02.076<br>Producto disponible en Herrajes Darío.;HAFELE;Telescopica Reforzada 550mm Cierre Suave Negra | Herrajes Darío;Telescopica Reforzada 550mm Cierre Suave Negra marca HAFELE. Código 494.02.076. Consultá disponibilidad en Herrajes Darío.;HAFELE;SI;;;;;https://drive.google.com/uc?export=view&id=1v31A0LycCBCx3Y6RgMiFHNjHg25WoMT6;tlcs.jpg
telescopica-reforzada-300mm-push-open-zincada-494-02-081;Telescopica Reforzada 300mm Push Open Zincada;Correderas para Muebles;;;;;;;12600.00;;;;;;;494.02.081;;SI;NO;Marca: HAFELE<br>Código: 494.02.081<br>Producto disponible en Herrajes Darío.;HAFELE;Telescopica Reforzada 300mm Push Open Zincada | Herrajes Darío;Telescopica Reforzada 300mm Push Open Zincada marca HAFELE. Código 494.02.081. Consultá disponibilidad en Herrajes Darío.;HAFELE;SI;;;;;https://drive.google.com/uc?export=view&id=1x_gNyvINgh8H8leQHx-8CVUWva_Vfdmb;tlpush.jpg
telescopica-reforzada-300mm-push-open-negra-494-02-091;Telescopica Reforzada 300mm Push Open Negra;Correderas para Muebles;;;;;;;12600.00;;;;;;;494.02.091;;SI;NO;Marca: HAFELE<br>Código: 494.02.091<br>Producto disponible en Herrajes Darío.;HAFELE;Telescopica Reforzada 300mm Push Open Negra | Herrajes Darío;Telescopica Reforzada 300mm Push Open Negra marca HAFELE. Código 494.02.091. Consultá disponibilidad en Herrajes Darío.;HAFELE;SI;;;;;https://drive.google.com/uc?export=view&id=1x_gNyvINgh8H8leQHx-8CVUWva_Vfdmb;tlpush.jpg
telescopica-reforzada-350mm-push-open-zincada-494-02-082;Telescopica Reforzada 350mm Push Open Zincada;Correderas para Muebles;;;;;;;14175.00;;;;;;;494.02.082;;SI;NO;Marca: HAFELE<br>Código: 494.02.082<br>Producto disponible en Herrajes Darío.;HAFELE;Telescopica Reforzada 350mm Push Open Zincada | Herrajes Darío;Telescopica Reforzada 350mm Push Open Zincada marca HAFELE. Código 494.02.082. Consultá disponibilidad en Herrajes Darío.;HAFELE;SI;;;;;https://drive.google.com/uc?export=view&id=1x_gNyvINgh8H8leQHx-8CVUWva_Vfdmb;tlpush.jpg
telescopica-reforzada-350mm-push-open-negra-494-02-092;Telescopica Reforzada 350mm Push Open Negra;Correderas para Muebles;;;;;;;14175.00;;;;;;;494.02.092;;SI;NO;Marca: HAFELE<br>Código: 494.02.092<br>Producto disponible en Herrajes Darío.;HAFELE;Telescopica Reforzada 350mm Push Open Negra | Herrajes Darío;Telescopica Reforzada 350mm Push Open Negra marca HAFELE. Código 494.02.092. Consultá disponibilidad en Herrajes Darío.;HAFELE;SI;;;;;https://drive.google.com/uc?export=view&id=1x_gNyvINgh8H8leQHx-8CVUWva_Vfdmb;tlpush.jpg
telescopica-reforzada-400mm-push-open-zincada-494-02-083;Telescopica Reforzada 400mm Push Open Zincada;Correderas para Muebles;;;;;;;15750.00;;;;;;;494.02.083;;SI;NO;Marca: HAFELE<br>Código: 494.02.083<br>Producto disponible en Herrajes Darío.;HAFELE;Telescopica Reforzada 400mm Push Open Zincada | Herrajes Darío;Telescopica Reforzada 400mm Push Open Zincada marca HAFELE. Código 494.02.083. Consultá disponibilidad en Herrajes Darío.;HAFELE;SI;;;;;https://drive.google.com/uc?export=view&id=1x_gNyvINgh8H8leQHx-8CVUWva_Vfdmb;tlpush.jpg
telescopica-reforzada-400mm-push-open-negra-494-02-093;Telescopica Reforzada 400mm Push Open Negra;Correderas para Muebles;;;;;;;15750.00;;;;;;;494.02.093;;SI;NO;Marca: HAFELE<br>Código: 494.02.093<br>Producto disponible en Herrajes Darío.;HAFELE;Telescopica Reforzada 400mm Push Open Negra | Herrajes Darío;Telescopica Reforzada 400mm Push Open Negra marca HAFELE. Código 494.02.093. Consultá disponibilidad en Herrajes Darío.;HAFELE;SI;;;;;https://drive.google.com/uc?export=view&id=1x_gNyvINgh8H8leQHx-8CVUWva_Vfdmb;tlpush.jpg
telescopica-reforzada-450mm-push-open-zincada-494-02-084;Telescopica Reforzada 450mm Push Open Zincada;Correderas para Muebles;;;;;;;17167.50;;;;;;;494.02.084;;SI;NO;Marca: HAFELE<br>Código: 494.02.084<br>Producto disponible en Herrajes Darío.;HAFELE;Telescopica Reforzada 450mm Push Open Zincada | Herrajes Darío;Telescopica Reforzada 450mm Push Open Zincada marca HAFELE. Código 494.02.084. Consultá disponibilidad en Herrajes Darío.;HAFELE;SI;;;;;https://drive.google.com/uc?export=view&id=1x_gNyvINgh8H8leQHx-8CVUWva_Vfdmb;tlpush.jpg
telescopica-reforzada-450mm-push-open-negra-494-02-094;Telescopica Reforzada 450mm Push Open Negra;Correderas para Muebles;;;;;;;17167.50;;;;;;;494.02.094;;SI;NO;Marca: HAFELE<br>Código: 494.02.094<br>Producto disponible en Herrajes Darío.;HAFELE;Telescopica Reforzada 450mm Push Open Negra | Herrajes Darío;Telescopica Reforzada 450mm Push Open Negra marca HAFELE. Código 494.02.094. Consultá disponibilidad en Herrajes Darío.;HAFELE;SI;;;;;https://drive.google.com/uc?export=view&id=1x_gNyvINgh8H8leQHx-8CVUWva_Vfdmb;tlpush.jpg
telescopica-reforzada-500mm-push-open-zincada-494-02-085;Telescopica Reforzada 500mm Push Open Zincada;Correderas para Muebles;;;;;;;18690.00;;;;;;;494.02.085;;SI;NO;Marca: HAFELE<br>Código: 494.02.085<br>Producto disponible en Herrajes Darío.;HAFELE;Telescopica Reforzada 500mm Push Open Zincada | Herrajes Darío;Telescopica Reforzada 500mm Push Open Zincada marca HAFELE. Código 494.02.085. Consultá disponibilidad en Herrajes Darío.;HAFELE;SI;;;;;https://drive.google.com/uc?export=view&id=1x_gNyvINgh8H8leQHx-8CVUWva_Vfdmb;tlpush.jpg
telescopica-reforzada-500mm-push-open-negra-494-02-095;Telescopica Reforzada 500mm Push Open Negra;Correderas para Muebles;;;;;;;18690.00;;;;;;;494.02.095;;SI;NO;Marca: HAFELE<br>Código: 494.02.095<br>Producto disponible en Herrajes Darío.;HAFELE;Telescopica Reforzada 500mm Push Open Negra | Herrajes Darío;Telescopica Reforzada 500mm Push Open Negra marca HAFELE. Código 494.02.095. Consultá disponibilidad en Herrajes Darío.;HAFELE;SI;;;;;https://drive.google.com/uc?export=view&id=1x_gNyvINgh8H8leQHx-8CVUWva_Vfdmb;tlpush.jpg
telescopica-reforzada-550mm-push-open-zincada-494-02-086;Telescopica Reforzada 550mm Push Open Zincada;Correderas para Muebles;;;;;;;20265.00;;;;;;;494.02.086;;SI;NO;Marca: HAFELE<br>Código: 494.02.086<br>Producto disponible en Herrajes Darío.;HAFELE;Telescopica Reforzada 550mm Push Open Zincada | Herrajes Darío;Telescopica Reforzada 550mm Push Open Zincada marca HAFELE. Código 494.02.086. Consultá disponibilidad en Herrajes Darío.;HAFELE;SI;;;;;https://drive.google.com/uc?export=view&id=1x_gNyvINgh8H8leQHx-8CVUWva_Vfdmb;tlpush.jpg
telescopica-reforzada-550mm-push-open-negra-494-02-096;Telescopica Reforzada 550mm Push Open Negra;Correderas para Muebles;;;;;;;20265.00;;;;;;;494.02.096;;SI;NO;Marca: HAFELE<br>Código: 494.02.096<br>Producto disponible en Herrajes Darío.;HAFELE;Telescopica Reforzada 550mm Push Open Negra | Herrajes Darío;Telescopica Reforzada 550mm Push Open Negra marca HAFELE. Código 494.02.096. Consultá disponibilidad en Herrajes Darío.;HAFELE;SI;;;;;https://drive.google.com/uc?export=view&id=1x_gNyvINgh8H8leQHx-8CVUWva_Vfdmb;tlpush.jpg
bisagra-de-35mm-codo-0-bcc0;Bisagra de 35mm Codo 0;Bisagras;;;;;;;588.00;;;;;;;BCC0;;SI;NO;Marca: Grupo Euro<br>Código: BCC0<br>Producto disponible en Herrajes Darío.;Grupo Euro;Bisagra de 35mm Codo 0 | Herrajes Darío;Bisagra de 35mm Codo 0 marca Grupo Euro. Código BCC0. Consultá disponibilidad en Herrajes Darío.;Grupo Euro;SI;;;;;https://drive.google.com/uc?export=view&id=10dcwZzUTKChyExtmqp7LOdrhIaAnHbkJ;BCC0.jpg
bisagra-de-35mm-codo-9-bcc9;Bisagra de 35mm Codo 9;Bisagras;;;;;;;588.00;;;;;;;BCC9;;SI;NO;Marca: Grupo Euro<br>Código: BCC9<br>Producto disponible en Herrajes Darío.;Grupo Euro;Bisagra de 35mm Codo 9 | Herrajes Darío;Bisagra de 35mm Codo 9 marca Grupo Euro. Código BCC9. Consultá disponibilidad en Herrajes Darío.;Grupo Euro;SI;;;;;https://drive.google.com/uc?export=view&id=1AVDJR5vKauMx_FSNpufgPpXREBzUHpqX;BCC9.jpg
bisagra-de-35mm-codo-18-bcc18;Bisagra de 35mm Codo 18;Bisagras;;;;;;;588.00;;;;;;;BCC18;;SI;NO;Marca: Grupo Euro<br>Código: BCC18<br>Producto disponible en Herrajes Darío.;Grupo Euro;Bisagra de 35mm Codo 18 | Herrajes Darío;Bisagra de 35mm Codo 18 marca Grupo Euro. Código BCC18. Consultá disponibilidad en Herrajes Darío.;Grupo Euro;SI;;;;;https://drive.google.com/uc?export=view&id=1gfh5YWnUrQghX3KLUJxFW4uSaBBS0okI;BCC18.jpg
bisagra-de-35mm-codo-0-cierre-suave-clip-eco-99gr-bcs0;Bisagra de 35mm Codo 0 Cierre Suave Clip Eco 99gr;Bisagras;;;;;;;1470.00;;;;;;;BCS0;;SI;NO;Marca: Grupo Euro<br>Código: BCS0<br>Producto disponible en Herrajes Darío.;Grupo Euro;Bisagra de 35mm Codo 0 Cierre Suave Clip Eco 99gr | Herrajes Darío;Bisagra de 35mm Codo 0 Cierre Suave Clip Eco 99gr marca Grupo Euro. Código BCS0. Consultá disponibilidad en Herrajes Darío.;Grupo Euro;SI;;;;;https://drive.google.com/uc?export=view&id=1HrkfKJdQhcbLK6lLbbDqJ_804-k73bKR;BCS0-scaled.jpg
bisagra-de-35mm-codo-9-cierre-suave-clip-eco-99gr-bcs9;Bisagra de 35mm Codo 9 Cierre Suave Clip Eco 99gr;Bisagras;;;;;;;1470.00;;;;;;;BCS9;;SI;NO;Marca: Grupo Euro<br>Código: BCS9<br>Producto disponible en Herrajes Darío.;Grupo Euro;Bisagra de 35mm Codo 9 Cierre Suave Clip Eco 99gr | Herrajes Darío;Bisagra de 35mm Codo 9 Cierre Suave Clip Eco 99gr marca Grupo Euro. Código BCS9. Consultá disponibilidad en Herrajes Darío.;Grupo Euro;SI;;;;;https://drive.google.com/uc?export=view&id=1AVDJR5vKauMx_FSNpufgPpXREBzUHpqX;BCC9.jpg
bisagra-de-35mm-codo-18-cierre-suave-clip-eco-99gr-bcs18;Bisagra de 35mm Codo 18 Cierre Suave Clip Eco 99gr;Bisagras;;;;;;;1470.00;;;;;;;BCS18;;SI;NO;Marca: Grupo Euro<br>Código: BCS18<br>Producto disponible en Herrajes Darío.;Grupo Euro;Bisagra de 35mm Codo 18 Cierre Suave Clip Eco 99gr | Herrajes Darío;Bisagra de 35mm Codo 18 Cierre Suave Clip Eco 99gr marca Grupo Euro. Código BCS18. Consultá disponibilidad en Herrajes Darío.;Grupo Euro;SI;;;;;https://drive.google.com/uc?export=view&id=1gfh5YWnUrQghX3KLUJxFW4uSaBBS0okI;BCC18.jpg
bisagra-de-35mm-codo-0-cierre-suave-clip-3d-115gr-b3d0;Bisagra de 35mm Codo 0 Cierre Suave Clip 3D 115gr;Bisagras;;;;;;;2520.00;;;;;;;B3D0;;SI;NO;Marca: Grupo Euro<br>Código: B3D0<br>Producto disponible en Herrajes Darío.;Grupo Euro;Bisagra de 35mm Codo 0 Cierre Suave Clip 3D 115gr | Herrajes Darío;Bisagra de 35mm Codo 0 Cierre Suave Clip 3D 115gr marca Grupo Euro. Código B3D0. Consultá disponibilidad en Herrajes Darío.;Grupo Euro;SI;;;;;https://drive.google.com/uc?export=view&id=1AUFcZ9twanRyr4b9TvMOMAQUNK2JwgaM;B3D0-scaled.jpg
bisagra-de-35mm-codo-9-cierre-suave-clip-3d-115gr-b3d9;Bisagra de 35mm Codo 9 Cierre Suave Clip 3D 115gr;Bisagras;;;;;;;2520.00;;;;;;;B3D9;;SI;NO;Marca: Grupo Euro<br>Código: B3D9<br>Producto disponible en Herrajes Darío.;Grupo Euro;Bisagra de 35mm Codo 9 Cierre Suave Clip 3D 115gr | Herrajes Darío;Bisagra de 35mm Codo 9 Cierre Suave Clip 3D 115gr marca Grupo Euro. Código B3D9. Consultá disponibilidad en Herrajes Darío.;Grupo Euro;SI;;;;;https://drive.google.com/uc?export=view&id=1x5w2D3bsNPPxFMPOfq85CHfcn2XH6HV8;B3D9-scaled.jpg
bisagra-de-35mm-codo-18-cierre-suave-clip-3d-115gr-b3d18;Bisagra de 35mm Codo 18 Cierre Suave Clip 3D 115gr;Bisagras;;;;;;;2520.00;;;;;;;B3D18;;SI;NO;Marca: Grupo Euro<br>Código: B3D18<br>Producto disponible en Herrajes Darío.;Grupo Euro;Bisagra de 35mm Codo 18 Cierre Suave Clip 3D 115gr | Herrajes Darío;Bisagra de 35mm Codo 18 Cierre Suave Clip 3D 115gr marca Grupo Euro. Código B3D18. Consultá disponibilidad en Herrajes Darío.;Grupo Euro;SI;;;;;https://drive.google.com/uc?export=view&id=1y2EG6RAjXskdzwqyOOSi6f8jFQ-pQNG7;B3D18-scaled.jpg
bisagra-rinconera-intermedia-135-b135cc;Bisagra Rinconera intermedia 135°;Bisagras;;;;;;;1575.00;;;;;;;B135CC;;SI;NO;Marca: Grupo Euro<br>Código: B135CC<br>Producto disponible en Herrajes Darío.;Grupo Euro;Bisagra Rinconera intermedia 135° | Herrajes Darío;Bisagra Rinconera intermedia 135° marca Grupo Euro. Código B135CC. Consultá disponibilidad en Herrajes Darío.;Grupo Euro;SI;;;;;https://drive.google.com/uc?export=view&id=13OD4ujAGBKpka3qkEAm8lDHaxb2dK3Zl;ESQ_B3D18_03.jpg
bisagra-rinconera-175-cierre-comun-b175cc;Bisagra Rinconera 175° Cierre comun;Bisagras;;;;;;;3045.00;;;;;;;B175CC;;SI;NO;Marca: Grupo Euro<br>Código: B175CC<br>Producto disponible en Herrajes Darío.;Grupo Euro;Bisagra Rinconera 175° Cierre comun | Herrajes Darío;Bisagra Rinconera 175° Cierre comun marca Grupo Euro. Código B175CC. Consultá disponibilidad en Herrajes Darío.;Grupo Euro;SI;;;;;https://drive.google.com/uc?export=view&id=13OD4ujAGBKpka3qkEAm8lDHaxb2dK3Zl;ESQ_B3D18_03.jpg
bisagra-rinconera-175-cierre-suave-b175cs;Bisagra Rinconera 175° Cierre Suave;Bisagras;;;;;;;5775.00;;;;;;;B175CS;;SI;NO;Marca: Grupo Euro<br>Código: B175CS<br>Producto disponible en Herrajes Darío.;Grupo Euro;Bisagra Rinconera 175° Cierre Suave | Herrajes Darío;Bisagra Rinconera 175° Cierre Suave marca Grupo Euro. Código B175CS. Consultá disponibilidad en Herrajes Darío.;Grupo Euro;SI;;;;;https://drive.google.com/uc?export=view&id=13OD4ujAGBKpka3qkEAm8lDHaxb2dK3Zl;ESQ_B3D18_03.jpg
bisagra-pilastra-angulo-ciego-bpcc;Bisagra Pilastra ( Angulo Ciego);Bisagras;;;;;;;1102.50;;;;;;;BPCC;;SI;NO;Marca: Grupo Euro<br>Código: BPCC<br>Producto disponible en Herrajes Darío.;Grupo Euro;Bisagra Pilastra ( Angulo Ciego) | Herrajes Darío;Bisagra Pilastra ( Angulo Ciego) marca Grupo Euro. Código BPCC. Consultá disponibilidad en Herrajes Darío.;Grupo Euro;SI;;;;;https://drive.google.com/uc?export=view&id=10dcwZzUTKChyExtmqp7LOdrhIaAnHbkJ;BCC0.jpg
bisagra-pilastra-angulo-ciego-cierre-suave-bpcs;Bisagra Pilastra ( Angulo Ciego) Cierre Suave;Bisagras;;;;;;;2362.50;;;;;;;BPCS;;SI;NO;Marca: Grupo Euro<br>Código: BPCS<br>Producto disponible en Herrajes Darío.;Grupo Euro;Bisagra Pilastra ( Angulo Ciego) Cierre Suave | Herrajes Darío;Bisagra Pilastra ( Angulo Ciego) Cierre Suave marca Grupo Euro. Código BPCS. Consultá disponibilidad en Herrajes Darío.;Grupo Euro;SI;;;;;https://drive.google.com/uc?export=view&id=10dcwZzUTKChyExtmqp7LOdrhIaAnHbkJ;BCC0.jpg
bisagra-de-35mm-codo-0-bc-150-0;Bisagra de 35mm Codo 0;Bisagras;;;;;;;420.00;;;;;;;BC-150-0;;SI;NO;Marca: BRONZEN<br>Código: BC-150-0<br>Producto disponible en Herrajes Darío.;BRONZEN;Bisagra de 35mm Codo 0 | Herrajes Darío;Bisagra de 35mm Codo 0 marca BRONZEN. Código BC-150-0. Consultá disponibilidad en Herrajes Darío.;BRONZEN;SI;;;;;https://drive.google.com/uc?export=view&id=1PrIL50_3BMsFqhQCDU2mckRaCgSpbEd5;BisagraC0.jpg
bisagra-de-35mm-codo-9-bc-150-9;Bisagra de 35mm Codo 9;Bisagras;;;;;;;420.00;;;;;;;BC-150-9;;SI;NO;Marca: BRONZEN<br>Código: BC-150-9<br>Producto disponible en Herrajes Darío.;BRONZEN;Bisagra de 35mm Codo 9 | Herrajes Darío;Bisagra de 35mm Codo 9 marca BRONZEN. Código BC-150-9. Consultá disponibilidad en Herrajes Darío.;BRONZEN;SI;;;;;https://drive.google.com/uc?export=view&id=1It7ehLdzs4uOiiHWGV_TqTeY89_fOFGH;BisagraC9.jpg
bisagra-de-35mm-codo-18-bc-150-18;Bisagra de 35mm Codo 18;Bisagras;;;;;;;420.00;;;;;;;BC-150-18;;SI;NO;Marca: BRONZEN<br>Código: BC-150-18<br>Producto disponible en Herrajes Darío.;BRONZEN;Bisagra de 35mm Codo 18 | Herrajes Darío;Bisagra de 35mm Codo 18 marca BRONZEN. Código BC-150-18. Consultá disponibilidad en Herrajes Darío.;BRONZEN;SI;;;;;https://drive.google.com/uc?export=view&id=1dNSPB-tZbgriXjG_Jr-RgPzMMF5_50BW;BisagraC18.jpg
bisagra-de-35mm-codo-0-cierre-suave-clip-bc-155-0;Bisagra de 35mm Codo 0 Cierre Suave Clip;Bisagras;;;;;;;892.50;;;;;;;BC-155-0;;SI;NO;Marca: BRONZEN<br>Código: BC-155-0<br>Producto disponible en Herrajes Darío.;BRONZEN;Bisagra de 35mm Codo 0 Cierre Suave Clip | Herrajes Darío;Bisagra de 35mm Codo 0 Cierre Suave Clip marca BRONZEN. Código BC-155-0. Consultá disponibilidad en Herrajes Darío.;BRONZEN;SI;;;;;https://drive.google.com/uc?export=view&id=1CshgYSKiX5q1GqehvVaGhpGpNipvWfEZ;esqBisCs0.jpg
bisagra-de-35mm-codo-9-cierre-suave-clip-bc-155-9;Bisagra de 35mm Codo 9 Cierre Suave Clip;Bisagras;;;;;;;892.50;;;;;;;BC-155-9;;SI;NO;Marca: BRONZEN<br>Código: BC-155-9<br>Producto disponible en Herrajes Darío.;BRONZEN;Bisagra de 35mm Codo 9 Cierre Suave Clip | Herrajes Darío;Bisagra de 35mm Codo 9 Cierre Suave Clip marca BRONZEN. Código BC-155-9. Consultá disponibilidad en Herrajes Darío.;BRONZEN;SI;;;;;https://drive.google.com/uc?export=view&id=1vzQ5Df7RNxwfyEhlfEg6tmcz-_0Cy-on;EsqBisCs9.jpg
bisagra-de-35mm-codo-18-cierre-suave-clip-bc-155-18;Bisagra de 35mm Codo 18 Cierre Suave Clip;Bisagras;;;;;;;892.50;;;;;;;BC-155-18;;SI;NO;Marca: BRONZEN<br>Código: BC-155-18<br>Producto disponible en Herrajes Darío.;BRONZEN;Bisagra de 35mm Codo 18 Cierre Suave Clip | Herrajes Darío;Bisagra de 35mm Codo 18 Cierre Suave Clip marca BRONZEN. Código BC-155-18. Consultá disponibilidad en Herrajes Darío.;BRONZEN;SI;;;;;https://drive.google.com/uc?export=view&id=1ZuYxpZ7f7pZJsvZsVfTM__ALoQ2d5HKV;EsqBisCs18.jpg
bisagra-de-35mm-codo-0-cierre-suave-clip-3d-bc-160-0;Bisagra de 35mm Codo 0 Cierre Suave Clip 3D;Bisagras;;;;;;;1732.50;;;;;;;BC-160-0;;SI;NO;Marca: BRONZEN<br>Código: BC-160-0<br>Producto disponible en Herrajes Darío.;BRONZEN;Bisagra de 35mm Codo 0 Cierre Suave Clip 3D | Herrajes Darío;Bisagra de 35mm Codo 0 Cierre Suave Clip 3D marca BRONZEN. Código BC-160-0. Consultá disponibilidad en Herrajes Darío.;BRONZEN;SI;;;;;https://drive.google.com/uc?export=view&id=1CshgYSKiX5q1GqehvVaGhpGpNipvWfEZ;esqBisCs0.jpg
bisagra-de-35mm-codo-9-cierre-suave-clip-3d-bc-160-9;Bisagra de 35mm Codo 9 Cierre Suave Clip 3D;Bisagras;;;;;;;1732.50;;;;;;;BC-160-9;;SI;NO;Marca: BRONZEN<br>Código: BC-160-9<br>Producto disponible en Herrajes Darío.;BRONZEN;Bisagra de 35mm Codo 9 Cierre Suave Clip 3D | Herrajes Darío;Bisagra de 35mm Codo 9 Cierre Suave Clip 3D marca BRONZEN. Código BC-160-9. Consultá disponibilidad en Herrajes Darío.;BRONZEN;SI;;;;;https://drive.google.com/uc?export=view&id=1vzQ5Df7RNxwfyEhlfEg6tmcz-_0Cy-on;EsqBisCs9.jpg
bisagra-de-35mm-codo-0-sin-resorte-bc-151-0;Bisagra de 35mm Codo 0 Sin Resorte;Bisagras;;;;;;;735.00;;;;;;;BC-151-0;;SI;NO;Marca: BRONZEN<br>Código: BC-151-0<br>Producto disponible en Herrajes Darío.;BRONZEN;Bisagra de 35mm Codo 0 Sin Resorte | Herrajes Darío;Bisagra de 35mm Codo 0 Sin Resorte marca BRONZEN. Código BC-151-0. Consultá disponibilidad en Herrajes Darío.;BRONZEN;SI;;;;;https://drive.google.com/uc?export=view&id=1Qihnk3meCpIeouL5qGtYDdQ5PArL_OI9;BisagraPush0.jpg
bisagra-de-35mm-codo-9-sin-resorte-bc-151-9;Bisagra de 35mm Codo 9 Sin Resorte;Bisagras;;;;;;;735.00;;;;;;;BC-151-9;;SI;NO;Marca: BRONZEN<br>Código: BC-151-9<br>Producto disponible en Herrajes Darío.;BRONZEN;Bisagra de 35mm Codo 9 Sin Resorte | Herrajes Darío;Bisagra de 35mm Codo 9 Sin Resorte marca BRONZEN. Código BC-151-9. Consultá disponibilidad en Herrajes Darío.;BRONZEN;SI;;;;;https://drive.google.com/uc?export=view&id=1Qihnk3meCpIeouL5qGtYDdQ5PArL_OI9;BisagraPush0.jpg
bisagra-de-35mm-codo-18-sin-resorte-bc-151-18;Bisagra de 35mm Codo 18 Sin Resorte;Bisagras;;;;;;;735.00;;;;;;;BC-151-18;;SI;NO;Marca: BRONZEN<br>Código: BC-151-18<br>Producto disponible en Herrajes Darío.;BRONZEN;Bisagra de 35mm Codo 18 Sin Resorte | Herrajes Darío;Bisagra de 35mm Codo 18 Sin Resorte marca BRONZEN. Código BC-151-18. Consultá disponibilidad en Herrajes Darío.;BRONZEN;SI;;;;;https://drive.google.com/uc?export=view&id=1i6pro5UIDrIjwSenkAnopAglCKW0hYxo;BisagraPush18.jpg
bisagra-rinconera-intermedia-135-bc-135;Bisagra Rinconera intermedia 135°;Bisagras;;;;;;;1155.00;;;;;;;BC-135;;SI;NO;Marca: BRONZEN<br>Código: BC-135<br>Producto disponible en Herrajes Darío.;BRONZEN;Bisagra Rinconera intermedia 135° | Herrajes Darío;Bisagra Rinconera intermedia 135° marca BRONZEN. Código BC-135. Consultá disponibilidad en Herrajes Darío.;BRONZEN;SI;;;;;https://drive.google.com/uc?export=view&id=1JUbzmwvJtsbatFW80i-uh5SZHSKA6qBQ;BisagraIntermedia.jpg
bisagra-rinconera-175-cierre-comun-bc-165;Bisagra Rinconera 175° Cierre comun;Bisagras;;;;;;;2100.00;;;;;;;BC-165;;SI;NO;Marca: BRONZEN<br>Código: BC-165<br>Producto disponible en Herrajes Darío.;BRONZEN;Bisagra Rinconera 175° Cierre comun | Herrajes Darío;Bisagra Rinconera 175° Cierre comun marca BRONZEN. Código BC-165. Consultá disponibilidad en Herrajes Darío.;BRONZEN;SI;;;;;https://drive.google.com/uc?export=view&id=1JUbzmwvJtsbatFW80i-uh5SZHSKA6qBQ;BisagraIntermedia.jpg
bisagra-rinconera-175-cierre-suave-bc-165-cs;Bisagra Rinconera 175° Cierre Suave;Bisagras;;;;;;;4095.00;;;;;;;BC-165-CS;;SI;NO;Marca: BRONZEN<br>Código: BC-165-CS<br>Producto disponible en Herrajes Darío.;BRONZEN;Bisagra Rinconera 175° Cierre Suave | Herrajes Darío;Bisagra Rinconera 175° Cierre Suave marca BRONZEN. Código BC-165-CS. Consultá disponibilidad en Herrajes Darío.;BRONZEN;SI;;;;;https://drive.google.com/uc?export=view&id=1JUbzmwvJtsbatFW80i-uh5SZHSKA6qBQ;BisagraIntermedia.jpg
bisagra-35mm-codo-0-con-base-comun-311-90-500;Bisagra 35mm Codo 0 con base comun;Bisagras;;;;;;;1050.00;;;;;;;311.90.500;;SI;NO;Marca: HAFELE<br>Código: 311.90.500<br>Producto disponible en Herrajes Darío.;HAFELE;Bisagra 35mm Codo 0 con base comun | Herrajes Darío;Bisagra 35mm Codo 0 con base comun marca HAFELE. Código 311.90.500. Consultá disponibilidad en Herrajes Darío.;HAFELE;SI;;;;;https://drive.google.com/uc?export=view&id=1_boGRj9MUGOu8MnGItyFFR79uqzsHbnG;bisss.jpg
bisagra-35mm-codo-9-con-base-comun-311-90-501;Bisagra 35mm Codo 9 con base comun;Bisagras;;;;;;;1050.00;;;;;;;311.90.501;;SI;NO;Marca: HAFELE<br>Código: 311.90.501<br>Producto disponible en Herrajes Darío.;HAFELE;Bisagra 35mm Codo 9 con base comun | Herrajes Darío;Bisagra 35mm Codo 9 con base comun marca HAFELE. Código 311.90.501. Consultá disponibilidad en Herrajes Darío.;HAFELE;SI;;;;;https://drive.google.com/uc?export=view&id=1_boGRj9MUGOu8MnGItyFFR79uqzsHbnG;bisss.jpg
bisagra-35mm-codo-18-con-base-comun-311-90-502;Bisagra 35mm Codo 18 con base comun;Bisagras;;;;;;;1050.00;;;;;;;311.90.502;;SI;NO;Marca: HAFELE<br>Código: 311.90.502<br>Producto disponible en Herrajes Darío.;HAFELE;Bisagra 35mm Codo 18 con base comun | Herrajes Darío;Bisagra 35mm Codo 18 con base comun marca HAFELE. Código 311.90.502. Consultá disponibilidad en Herrajes Darío.;HAFELE;SI;;;;;https://drive.google.com/uc?export=view&id=10_JQSzwU0U-gPI4ZFxduQWLCbw8kwByu;bis180.jpg
bisagra-35mm-codo-0-cierre-suave-clip-3d-311-04-003;Bisagra 35mm Codo 0 Cierre Suave Clip 3D;Bisagras;;;;;;;3885.00;;;;;;;311.04.003;;SI;NO;Marca: HAFELE<br>Código: 311.04.003<br>Producto disponible en Herrajes Darío.;HAFELE;Bisagra 35mm Codo 0 Cierre Suave Clip 3D | Herrajes Darío;Bisagra 35mm Codo 0 Cierre Suave Clip 3D marca HAFELE. Código 311.04.003. Consultá disponibilidad en Herrajes Darío.;HAFELE;SI;;;;;https://drive.google.com/uc?export=view&id=1OzQ39pVQ9UnfIjH8Rex1y8uM6MD2AN_G;biscs0.jpg
bisagra-35mm-codo-9-cierre-suave-clip-3d-311-04-004;Bisagra 35mm Codo 9 Cierre Suave Clip 3D;Bisagras;;;;;;;4042.50;;;;;;;311.04.004;;SI;NO;Marca: HAFELE<br>Código: 311.04.004<br>Producto disponible en Herrajes Darío.;HAFELE;Bisagra 35mm Codo 9 Cierre Suave Clip 3D | Herrajes Darío;Bisagra 35mm Codo 9 Cierre Suave Clip 3D marca HAFELE. Código 311.04.004. Consultá disponibilidad en Herrajes Darío.;HAFELE;SI;;;;;https://drive.google.com/uc?export=view&id=1T1162gFly2US5SyeZn0keiKCddVMDSzi;biscsc9.jpg
bisagra-35mm-codo-18-cierre-suave-clip-3d-311-04-005;Bisagra 35mm Codo 18 Cierre Suave Clip 3D;Bisagras;;;;;;;4200.00;;;;;;;311.04.005;;SI;NO;Marca: HAFELE<br>Código: 311.04.005<br>Producto disponible en Herrajes Darío.;HAFELE;Bisagra 35mm Codo 18 Cierre Suave Clip 3D | Herrajes Darío;Bisagra 35mm Codo 18 Cierre Suave Clip 3D marca HAFELE. Código 311.04.005. Consultá disponibilidad en Herrajes Darío.;HAFELE;SI;;;;;https://drive.google.com/uc?export=view&id=1cuDMowofrihpjFhrR6GyXY8_QbRZmJ6P;biscs18.jpg
bisagra-de-35mm-codo-0-sin-resorte-c-base-3d-311-60-918;Bisagra de 35mm Codo 0 Sin Resorte C/ base 3D;Bisagras;;;;;;;2257.50;;;;;;;311.60.918;;SI;NO;Marca: HAFELE<br>Código: 311.60.918<br>Producto disponible en Herrajes Darío.;HAFELE;Bisagra de 35mm Codo 0 Sin Resorte C/ base 3D | Herrajes Darío;Bisagra de 35mm Codo 0 Sin Resorte C/ base 3D marca HAFELE. Código 311.60.918. Consultá disponibilidad en Herrajes Darío.;HAFELE;SI;;;;;https://drive.google.com/uc?export=view&id=1a457ZEPAknQOuZ19sWvRUBjOjA8wrt4O;Bispush0.jpg
bisagra-de-35mm-codo-9-sin-resorte-c-base-3d-311-60-917;Bisagra de 35mm Codo 9 Sin Resorte C/ base 3D;Bisagras;;;;;;;2467.50;;;;;;;311.60.917;;SI;NO;Marca: HAFELE<br>Código: 311.60.917<br>Producto disponible en Herrajes Darío.;HAFELE;Bisagra de 35mm Codo 9 Sin Resorte C/ base 3D | Herrajes Darío;Bisagra de 35mm Codo 9 Sin Resorte C/ base 3D marca HAFELE. Código 311.60.917. Consultá disponibilidad en Herrajes Darío.;HAFELE;SI;;;;;https://drive.google.com/uc?export=view&id=1rVwgGNz0TH3yyU9Hk0j_dHSFWR6Hk-xh;Bispush9.jpg
bisagra-de-35mm-codo-18-sin-resorte-c-base-3d-311-60-916;Bisagra de 35mm Codo 18 Sin Resorte C/ base 3D;Bisagras;;;;;;;2467.50;;;;;;;311.60.916;;SI;NO;Marca: HAFELE<br>Código: 311.60.916<br>Producto disponible en Herrajes Darío.;HAFELE;Bisagra de 35mm Codo 18 Sin Resorte C/ base 3D | Herrajes Darío;Bisagra de 35mm Codo 18 Sin Resorte C/ base 3D marca HAFELE. Código 311.60.916. Consultá disponibilidad en Herrajes Darío.;HAFELE;SI;;;;;https://drive.google.com/uc?export=view&id=1PEHMKznWK_0HhCKGgnAbNoqYyNs-Gwra;Bispush18.jpg
bisagra-rinconera-intermedia-135-c-base-3d-311-66-602;Bisagra Rinconera Intermedia 135° C/ base 3D;Bisagras;;;;;;;3990.00;;;;;;;311.66.602;;SI;NO;Marca: HAFELE<br>Código: 311.66.602<br>Producto disponible en Herrajes Darío.;HAFELE;Bisagra Rinconera Intermedia 135° C/ base 3D | Herrajes Darío;Bisagra Rinconera Intermedia 135° C/ base 3D marca HAFELE. Código 311.66.602. Consultá disponibilidad en Herrajes Darío.;HAFELE;SI;;;;;https://drive.google.com/uc?export=view&id=1ALm2GzYlA1M6LliLl2MTJ9HdCwnqS9tL;bisrinconera.jpg
bisagra-rinconera-175-cierre-suave-c-base-3d-311-63-731;Bisagra Rinconera 175° Cierre Suave C/ base 3D;Bisagras;;;;;;;10290.00;;;;;;;311.63.731;;SI;NO;Marca: HAFELE<br>Código: 311.63.731<br>Producto disponible en Herrajes Darío.;HAFELE;Bisagra Rinconera 175° Cierre Suave C/ base 3D | Herrajes Darío;Bisagra Rinconera 175° Cierre Suave C/ base 3D marca HAFELE. Código 311.63.731. Consultá disponibilidad en Herrajes Darío.;HAFELE;SI;;;;;https://drive.google.com/uc?export=view&id=1ALm2GzYlA1M6LliLl2MTJ9HdCwnqS9tL;bisrinconera.jpg
bisagra-rinconera-175-c-base-3d-311-63-740;Bisagra Rinconera 175° C/base 3D;Bisagras;;;;;;;5145.00;;;;;;;311.63.740;;SI;NO;Marca: HAFELE<br>Código: 311.63.740<br>Producto disponible en Herrajes Darío.;HAFELE;Bisagra Rinconera 175° C/base 3D | Herrajes Darío;Bisagra Rinconera 175° C/base 3D marca HAFELE. Código 311.63.740. Consultá disponibilidad en Herrajes Darío.;HAFELE;SI;;;;;https://drive.google.com/uc?export=view&id=1ALm2GzYlA1M6LliLl2MTJ9HdCwnqS9tL;bisrinconera.jpg
base-bisagra-3d-311-70-610;Base Bisagra 3D;Bisagras;;;;;;;682.50;;;;;;;311.70.610;;SI;NO;Marca: HAFELE<br>Código: 311.70.610<br>Producto disponible en Herrajes Darío.;HAFELE;Base Bisagra 3D | Herrajes Darío;Base Bisagra 3D marca HAFELE. Código 311.70.610. Consultá disponibilidad en Herrajes Darío.;HAFELE;SI;;;;;https://drive.google.com/uc?export=view&id=1j9N8kX9Bo_0LgAiTXC1TDB4j2YKIxePI;base3d.jpg
cano-oval-cromado-liso-x-3-mts-co-10;Caño Oval Cromado Liso x 3 mts;Accesorios de Placard;;;;;;;5250.00;;;;;;;CO-10;;SI;NO;Marca: BRONZEN<br>Código: CO-10<br>Producto disponible en Herrajes Darío.;BRONZEN;Caño Oval Cromado Liso x 3 mts | Herrajes Darío;Caño Oval Cromado Liso x 3 mts marca BRONZEN. Código CO-10. Consultá disponibilidad en Herrajes Darío.;BRONZEN;SI;;;;;https://drive.google.com/uc?export=view&id=1wnINfzfNzRlZDhJMBbLSBnALrJ7CyvUT;CO10.jpg
soporte-lateral-p-cano-oval-f-1;Soporte Lateral P/ Caño Oval;Accesorios de Placard;;;;;;;157.50;;;;;;;F-1;;SI;NO;Marca: BRONZEN<br>Código: F-1<br>Producto disponible en Herrajes Darío.;BRONZEN;Soporte Lateral P/ Caño Oval | Herrajes Darío;Soporte Lateral P/ Caño Oval marca BRONZEN. Código F-1. Consultá disponibilidad en Herrajes Darío.;BRONZEN;SI;;;;;;
soporte-central-p-cano-oval-f-5;Soporte Central P/ Caño Oval;Accesorios de Placard;;;;;;;577.50;;;;;;;F-5;;SI;NO;Marca: BRONZEN<br>Código: F-5<br>Producto disponible en Herrajes Darío.;BRONZEN;Soporte Central P/ Caño Oval | Herrajes Darío;Soporte Central P/ Caño Oval marca BRONZEN. Código F-5. Consultá disponibilidad en Herrajes Darío.;BRONZEN;SI;;;;;https://drive.google.com/uc?export=view&id=1jWtTA8OksfJ0Zb5zGrU30c408dSMcvbi;f5.jpg
cano-oval-negro-liso-x-3-mts-co-10-n;Caño Oval Negro Liso x 3 mts;Accesorios de Placard;;;;;;;8610.00;;;;;;;CO-10-N;;SI;NO;Marca: BRONZEN<br>Código: CO-10-N<br>Producto disponible en Herrajes Darío.;BRONZEN;Caño Oval Negro Liso x 3 mts | Herrajes Darío;Caño Oval Negro Liso x 3 mts marca BRONZEN. Código CO-10-N. Consultá disponibilidad en Herrajes Darío.;BRONZEN;SI;;;;;https://drive.google.com/uc?export=view&id=1E05J4dBDqJIhiIbrh1A6g9F2QP-L9CwY;CO10N.jpg
soporte-central-p-cano-oval-negro-f-5-n;Soporte Central P/ Caño Oval Negro;Accesorios de Placard;;;;;;;735.00;;;;;;;F-5-N;;SI;NO;Marca: BRONZEN<br>Código: F-5-N<br>Producto disponible en Herrajes Darío.;BRONZEN;Soporte Central P/ Caño Oval Negro | Herrajes Darío;Soporte Central P/ Caño Oval Negro marca BRONZEN. Código F-5-N. Consultá disponibilidad en Herrajes Darío.;BRONZEN;SI;;;;;https://drive.google.com/uc?export=view&id=1Ac7uXE1GOCZbuwnY1QweyZ5CMFHnFRq_;f5n.jpg
cano-oval-anodizado-x-3-mts-ovo;Caño Oval Anodizado x 3 mts;Accesorios de Placard;;;;;;;11760.00;;;;;;;OVO;;SI;NO;Marca: Grupo Euro<br>Código: OVO<br>Producto disponible en Herrajes Darío.;Grupo Euro;Caño Oval Anodizado x 3 mts | Herrajes Darío;Caño Oval Anodizado x 3 mts marca Grupo Euro. Código OVO. Consultá disponibilidad en Herrajes Darío.;Grupo Euro;SI;;;;;;
soporte-central-anodizado-sco;Soporte Central Anodizado;Accesorios de Placard;;;;;;;1890.00;;;;;;;SCO;;SI;NO;Marca: Grupo Euro<br>Código: SCO<br>Producto disponible en Herrajes Darío.;Grupo Euro;Soporte Central Anodizado | Herrajes Darío;Soporte Central Anodizado marca Grupo Euro. Código SCO. Consultá disponibilidad en Herrajes Darío.;Grupo Euro;SI;;;;;;
soporte-lateral-anodizado-slo;Soporte Lateral Anodizado;Accesorios de Placard;;;;;;;577.50;;;;;;;SLO;;SI;NO;Marca: Grupo Euro<br>Código: SLO<br>Producto disponible en Herrajes Darío.;Grupo Euro;Soporte Lateral Anodizado | Herrajes Darío;Soporte Lateral Anodizado marca Grupo Euro. Código SLO. Consultá disponibilidad en Herrajes Darío.;Grupo Euro;SI;;;;;;
cano-oval-anodizado-negro-x-3-mts-ovon;Caño Oval Anodizado Negro x 3 mts;Accesorios de Placard;;;;;;;11760.00;;;;;;;OVON;;SI;NO;Marca: Grupo Euro<br>Código: OVON<br>Producto disponible en Herrajes Darío.;Grupo Euro;Caño Oval Anodizado Negro x 3 mts | Herrajes Darío;Caño Oval Anodizado Negro x 3 mts marca Grupo Euro. Código OVON. Consultá disponibilidad en Herrajes Darío.;Grupo Euro;SI;;;;;;
soporte-central-anodizado-negro-scon;Soporte Central Anodizado Negro;Accesorios de Placard;;;;;;;2205.00;;;;;;;SCON;;SI;NO;Marca: Grupo Euro<br>Código: SCON<br>Producto disponible en Herrajes Darío.;Grupo Euro;Soporte Central Anodizado Negro | Herrajes Darío;Soporte Central Anodizado Negro marca Grupo Euro. Código SCON. Consultá disponibilidad en Herrajes Darío.;Grupo Euro;SI;;;;;;
soporte-lateral-anodizado-negro-slon;Soporte Lateral Anodizado Negro;Accesorios de Placard;;;;;;;1260.00;;;;;;;SLON;;SI;NO;Marca: Grupo Euro<br>Código: SLON<br>Producto disponible en Herrajes Darío.;Grupo Euro;Soporte Lateral Anodizado Negro | Herrajes Darío;Soporte Lateral Anodizado Negro marca Grupo Euro. Código SLON. Consultá disponibilidad en Herrajes Darío.;Grupo Euro;SI;;;;;;
kit-placard-2mts-x-2-60-anodizado-smart-eco-sm-200;Kit Placard 2mts x 2,60 Anodizado Smart (ECO);Accesorios de Placard;;;;;;;66360.00;;;;;;;SM 200;;SI;NO;Marca: Grupo Euro<br>Código: SM 200<br>Producto disponible en Herrajes Darío.;Grupo Euro;Kit Placard 2mts x 2,60 Anodizado Smart (ECO) | Herrajes Darío;Kit Placard 2mts x 2,60 Anodizado Smart (ECO) marca Grupo Euro. Código SM 200. Consultá disponibilidad en Herrajes Darío.;Grupo Euro;SI;;;;;https://drive.google.com/uc?export=view&id=16biZRYGFukeC4T66enikM1ZentAXu1dQ;CL_ACCESORIOS-16.jpg
kit-placard-3mts-x-2-60-anodizado-smart-eco-sm-300;Kit Placard 3mts x 2,60 Anodizado Smart (ECO);Accesorios de Placard;;;;;;;74025.00;;;;;;;SM 300;;SI;NO;Marca: Grupo Euro<br>Código: SM 300<br>Producto disponible en Herrajes Darío.;Grupo Euro;Kit Placard 3mts x 2,60 Anodizado Smart (ECO) | Herrajes Darío;Kit Placard 3mts x 2,60 Anodizado Smart (ECO) marca Grupo Euro. Código SM 300. Consultá disponibilidad en Herrajes Darío.;Grupo Euro;SI;;;;;https://drive.google.com/uc?export=view&id=16biZRYGFukeC4T66enikM1ZentAXu1dQ;CL_ACCESORIOS-16.jpg
kit-placard-4mts-x-2-60-anodizado-smart-eco-sm-400;Kit Placard 4mts x 2,60 Anodizado Smart (ECO);Accesorios de Placard;;;;;;;81480.00;;;;;;;SM 400;;SI;NO;Marca: Grupo Euro<br>Código: SM 400<br>Producto disponible en Herrajes Darío.;Grupo Euro;Kit Placard 4mts x 2,60 Anodizado Smart (ECO) | Herrajes Darío;Kit Placard 4mts x 2,60 Anodizado Smart (ECO) marca Grupo Euro. Código SM 400. Consultá disponibilidad en Herrajes Darío.;Grupo Euro;SI;;;;;https://drive.google.com/uc?export=view&id=16biZRYGFukeC4T66enikM1ZentAXu1dQ;CL_ACCESORIOS-16.jpg
hoja-adicional-anodizado-smart-eco-smh;Hoja Adicional Anodizado Smart (ECO);Accesorios de Placard;;;;;;;27930.00;;;;;;;SMH;;SI;NO;Marca: Grupo Euro<br>Código: SMH<br>Producto disponible en Herrajes Darío.;Grupo Euro;Hoja Adicional Anodizado Smart (ECO) | Herrajes Darío;Hoja Adicional Anodizado Smart (ECO) marca Grupo Euro. Código SMH. Consultá disponibilidad en Herrajes Darío.;Grupo Euro;SI;;;;;https://drive.google.com/uc?export=view&id=16biZRYGFukeC4T66enikM1ZentAXu1dQ;CL_ACCESORIOS-16.jpg
kit-placard-2mts-x-2-60-anodizado-classic-cl-200;Kit Placard 2mts x 2,60 Anodizado CLASSIC;Accesorios de Placard;;;;;;;77175.00;;;;;;;CL 200;;SI;NO;Marca: Grupo Euro<br>Código: CL 200<br>Producto disponible en Herrajes Darío.;Grupo Euro;Kit Placard 2mts x 2,60 Anodizado CLASSIC | Herrajes Darío;Kit Placard 2mts x 2,60 Anodizado CLASSIC marca Grupo Euro. Código CL 200. Consultá disponibilidad en Herrajes Darío.;Grupo Euro;SI;;;;;https://drive.google.com/uc?export=view&id=12HpUUIgJOXR3PCPlAkewevo7kkEGOBBG;CL150.jpg
kit-placard-2mts-x-2-60-anodizado-classic-cl-300;Kit Placard 2mts x 2,60 Anodizado CLASSIC;Accesorios de Placard;;;;;;;86100.00;;;;;;;CL 300;;SI;NO;Marca: Grupo Euro<br>Código: CL 300<br>Producto disponible en Herrajes Darío.;Grupo Euro;Kit Placard 2mts x 2,60 Anodizado CLASSIC | Herrajes Darío;Kit Placard 2mts x 2,60 Anodizado CLASSIC marca Grupo Euro. Código CL 300. Consultá disponibilidad en Herrajes Darío.;Grupo Euro;SI;;;;;https://drive.google.com/uc?export=view&id=12HpUUIgJOXR3PCPlAkewevo7kkEGOBBG;CL150.jpg
kit-placard-2mts-x-2-60-anodizado-classic-cl-400;Kit Placard 2mts x 2,60 Anodizado CLASSIC;Accesorios de Placard;;;;;;;94815.00;;;;;;;CL 400;;SI;NO;Marca: Grupo Euro<br>Código: CL 400<br>Producto disponible en Herrajes Darío.;Grupo Euro;Kit Placard 2mts x 2,60 Anodizado CLASSIC | Herrajes Darío;Kit Placard 2mts x 2,60 Anodizado CLASSIC marca Grupo Euro. Código CL 400. Consultá disponibilidad en Herrajes Darío.;Grupo Euro;SI;;;;;https://drive.google.com/uc?export=view&id=12HpUUIgJOXR3PCPlAkewevo7kkEGOBBG;CL150.jpg
hoja-adicional-anodizado-classic-clh;Hoja Adicional Anodizado CLASSIC;Accesorios de Placard;;;;;;;32550.00;;;;;;;CLH;;SI;NO;Marca: Grupo Euro<br>Código: CLH<br>Producto disponible en Herrajes Darío.;Grupo Euro;Hoja Adicional Anodizado CLASSIC | Herrajes Darío;Hoja Adicional Anodizado CLASSIC marca Grupo Euro. Código CLH. Consultá disponibilidad en Herrajes Darío.;Grupo Euro;SI;;;;;https://drive.google.com/uc?export=view&id=12HpUUIgJOXR3PCPlAkewevo7kkEGOBBG;CL150.jpg
freno-cierre-suave-p-placard-classic-y-smart-fsc;Freno Cierre Suave P/ Placard CLASSIC Y SMART;Accesorios de Placard;;;;;;;18270.00;;;;;;;FSC;;SI;NO;Marca: Grupo Euro<br>Código: FSC<br>Producto disponible en Herrajes Darío.;Grupo Euro;Freno Cierre Suave P/ Placard CLASSIC Y SMART | Herrajes Darío;Freno Cierre Suave P/ Placard CLASSIC Y SMART marca Grupo Euro. Código FSC. Consultá disponibilidad en Herrajes Darío.;Grupo Euro;SI;;;;;;
rueda-placard-soporta-40-kg-rscl;Rueda Placard Soporta 40 kg;Accesorios de Placard;;;;;;;3360.00;;;;;;;RSCL;;SI;NO;Marca: Grupo Euro<br>Código: RSCL<br>Producto disponible en Herrajes Darío.;Grupo Euro;Rueda Placard Soporta 40 kg | Herrajes Darío;Rueda Placard Soporta 40 kg marca Grupo Euro. Código RSCL. Consultá disponibilidad en Herrajes Darío.;Grupo Euro;SI;;;;;https://drive.google.com/uc?export=view&id=16biZRYGFukeC4T66enikM1ZentAXu1dQ;CL_ACCESORIOS-16.jpg
kit-placard-2mts-x-2-60-anodizado-standard-tuh-120-s;Kit Placard 2mts x 2,60 Anodizado Standard;Accesorios de Placard;;;;;;;75600.00;;;;;;;TUH-120-S;;SI;NO;Marca: BRONZEN<br>Código: TUH-120-S<br>Producto disponible en Herrajes Darío.;BRONZEN;Kit Placard 2mts x 2,60 Anodizado Standard | Herrajes Darío;Kit Placard 2mts x 2,60 Anodizado Standard marca BRONZEN. Código TUH-120-S. Consultá disponibilidad en Herrajes Darío.;BRONZEN;SI;;;;;https://drive.google.com/uc?export=view&id=1wpyhuLoCjOamxgosAR_teQk5IWTWkuwp;kitstd.jpg
kit-placard-3mts-x-2-60-anodizado-standard-tuh-130-s;Kit Placard 3mts x 2,60 Anodizado Standard;Accesorios de Placard;;;;;;;81690.00;;;;;;;TUH-130-S;;SI;NO;Marca: BRONZEN<br>Código: TUH-130-S<br>Producto disponible en Herrajes Darío.;BRONZEN;Kit Placard 3mts x 2,60 Anodizado Standard | Herrajes Darío;Kit Placard 3mts x 2,60 Anodizado Standard marca BRONZEN. Código TUH-130-S. Consultá disponibilidad en Herrajes Darío.;BRONZEN;SI;;;;;https://drive.google.com/uc?export=view&id=1wpyhuLoCjOamxgosAR_teQk5IWTWkuwp;kitstd.jpg
kit-placard-4mts-x-2-60-anodizado-standard-tuh-140-s;Kit Placard 4mts x 2,60 Anodizado Standard;Accesorios de Placard;;;;;;;96600.00;;;;;;;TUH-140-S;;SI;NO;Marca: BRONZEN<br>Código: TUH-140-S<br>Producto disponible en Herrajes Darío.;BRONZEN;Kit Placard 4mts x 2,60 Anodizado Standard | Herrajes Darío;Kit Placard 4mts x 2,60 Anodizado Standard marca BRONZEN. Código TUH-140-S. Consultá disponibilidad en Herrajes Darío.;BRONZEN;SI;;;;;https://drive.google.com/uc?export=view&id=1wpyhuLoCjOamxgosAR_teQk5IWTWkuwp;kitstd.jpg
hoja-adicional-anodizado-standard-tuh-110-s;Hoja Adicional Anodizado Standard;Accesorios de Placard;;;;;;;29925.00;;;;;;;TUH-110-S;;SI;NO;Marca: BRONZEN<br>Código: TUH-110-S<br>Producto disponible en Herrajes Darío.;BRONZEN;Hoja Adicional Anodizado Standard | Herrajes Darío;Hoja Adicional Anodizado Standard marca BRONZEN. Código TUH-110-S. Consultá disponibilidad en Herrajes Darío.;BRONZEN;SI;;;;;;
kit-placard-2mts-x-2-60-anodizado-premium-tuh-120-p;Kit Placard 2mts x 2,60 Anodizado PREMIUM;Accesorios de Placard;;;;;;;93135.00;;;;;;;TUH-120-P;;SI;NO;Marca: BRONZEN<br>Código: TUH-120-P<br>Producto disponible en Herrajes Darío.;BRONZEN;Kit Placard 2mts x 2,60 Anodizado PREMIUM | Herrajes Darío;Kit Placard 2mts x 2,60 Anodizado PREMIUM marca BRONZEN. Código TUH-120-P. Consultá disponibilidad en Herrajes Darío.;BRONZEN;SI;;;;;https://drive.google.com/uc?export=view&id=1Tw3RPHtk1LHgpeqA8zxNVPgUCZTo0mwP;kitpremium.jpg
kit-placard-3mts-x-2-60-anodizado-premium-tuh-130-p;Kit Placard 3mts x 2,60 Anodizado PREMIUM;Accesorios de Placard;;;;;;;101325.00;;;;;;;TUH-130-P;;SI;NO;Marca: BRONZEN<br>Código: TUH-130-P<br>Producto disponible en Herrajes Darío.;BRONZEN;Kit Placard 3mts x 2,60 Anodizado PREMIUM | Herrajes Darío;Kit Placard 3mts x 2,60 Anodizado PREMIUM marca BRONZEN. Código TUH-130-P. Consultá disponibilidad en Herrajes Darío.;BRONZEN;SI;;;;;https://drive.google.com/uc?export=view&id=1Tw3RPHtk1LHgpeqA8zxNVPgUCZTo0mwP;kitpremium.jpg
kit-placard-4mts-x-2-60-anodizado-premium-tuh-140-p;Kit Placard 4mts x 2,60 Anodizado PREMIUM;Accesorios de Placard;;;;;;;114975.00;;;;;;;TUH-140-P;;SI;NO;Marca: BRONZEN<br>Código: TUH-140-P<br>Producto disponible en Herrajes Darío.;BRONZEN;Kit Placard 4mts x 2,60 Anodizado PREMIUM | Herrajes Darío;Kit Placard 4mts x 2,60 Anodizado PREMIUM marca BRONZEN. Código TUH-140-P. Consultá disponibilidad en Herrajes Darío.;BRONZEN;SI;;;;;https://drive.google.com/uc?export=view&id=1Tw3RPHtk1LHgpeqA8zxNVPgUCZTo0mwP;kitpremium.jpg
hoja-adicional-anodizado-premium-tuh-110-p;Hoja Adicional Anodizado PREMIUM;Accesorios de Placard;;;;;;;33810.00;;;;;;;TUH-110-P;;SI;NO;Marca: BRONZEN<br>Código: TUH-110-P<br>Producto disponible en Herrajes Darío.;BRONZEN;Hoja Adicional Anodizado PREMIUM | Herrajes Darío;Hoja Adicional Anodizado PREMIUM marca BRONZEN. Código TUH-110-P. Consultá disponibilidad en Herrajes Darío.;BRONZEN;SI;;;;;;
cierre-lento-p-kit-de-placard-tuh-105;Cierre Lento p/ Kit de Placard;Accesorios de Placard;;;;;;;6510.00;;;;;;;TUH-105;;SI;NO;Marca: BRONZEN<br>Código: TUH-105<br>Producto disponible en Herrajes Darío.;BRONZEN;Cierre Lento p/ Kit de Placard | Herrajes Darío;Cierre Lento p/ Kit de Placard marca BRONZEN. Código TUH-105. Consultá disponibilidad en Herrajes Darío.;BRONZEN;SI;;;;;https://drive.google.com/uc?export=view&id=1bf5hrffT9dp8UKz0FePFY1MpQ5P30VmF;cierrelento.jpg
rueda-blindada-para-placard-tuh-50;Rueda Blindada para Placard;Accesorios de Placard;;;;;;;2940.00;;;;;;;TUH-50;;SI;NO;Marca: BRONZEN<br>Código: TUH-50<br>Producto disponible en Herrajes Darío.;BRONZEN;Rueda Blindada para Placard | Herrajes Darío;Rueda Blindada para Placard marca BRONZEN. Código TUH-50. Consultá disponibilidad en Herrajes Darío.;BRONZEN;SI;;;;;https://drive.google.com/uc?export=view&id=1LrHIuivnlYiO-yuVXqiz33RL0L9gqnPY;rueda.jpg
kit-placard-2000-x-2600-anodizado-403-50-070;Kit Placard 2000 x 2600 Anodizado;Accesorios de Placard;;;;;;;113505.00;;;;;;;403.50.070;;SI;NO;Marca: HAFELE<br>Código: 403.50.070<br>Producto disponible en Herrajes Darío.;HAFELE;Kit Placard 2000 x 2600 Anodizado | Herrajes Darío;Kit Placard 2000 x 2600 Anodizado marca HAFELE. Código 403.50.070. Consultá disponibilidad en Herrajes Darío.;HAFELE;SI;;;;;https://drive.google.com/uc?export=view&id=1RN3egTnAJxzCAi9klGu0DBT7YLG5L1Rx;kitplacard.jpg
kit-placard-3000-x-2600-anodizado-403-50-071;Kit Placard 3000 x 2600 Anodizado;Accesorios de Placard;;;;;;;123585.00;;;;;;;403.50.071;;SI;NO;Marca: HAFELE<br>Código: 403.50.071<br>Producto disponible en Herrajes Darío.;HAFELE;Kit Placard 3000 x 2600 Anodizado | Herrajes Darío;Kit Placard 3000 x 2600 Anodizado marca HAFELE. Código 403.50.071. Consultá disponibilidad en Herrajes Darío.;HAFELE;SI;;;;;https://drive.google.com/uc?export=view&id=1RN3egTnAJxzCAi9klGu0DBT7YLG5L1Rx;kitplacard.jpg
hoja-adicional-2600-403-50-072;Hoja Adicional 2600;Accesorios de Placard;;;;;;;46725.00;;;;;;;403.50.072;;SI;NO;Marca: HAFELE<br>Código: 403.50.072<br>Producto disponible en Herrajes Darío.;HAFELE;Hoja Adicional 2600 | Herrajes Darío;Hoja Adicional 2600 marca HAFELE. Código 403.50.072. Consultá disponibilidad en Herrajes Darío.;HAFELE;SI;;;;;https://drive.google.com/uc?export=view&id=1RN3egTnAJxzCAi9klGu0DBT7YLG5L1Rx;kitplacard.jpg
set-de-ruedas-p-puerta-adicional-401-20-011;Set de Ruedas P/ Puerta Adicional;Hogar y Obra;;;;;;;25620.00;;;;;;;401.20.011;;SI;NO;Marca: HAFELE<br>Código: 401.20.011<br>Producto disponible en Herrajes Darío.;HAFELE;Set de Ruedas P/ Puerta Adicional | Herrajes Darío;Set de Ruedas P/ Puerta Adicional marca HAFELE. Código 401.20.011. Consultá disponibilidad en Herrajes Darío.;HAFELE;SI;;;;;https://drive.google.com/uc?export=view&id=1RN3egTnAJxzCAi9klGu0DBT7YLG5L1Rx;kitplacard.jpg
colgador-alacena-con-tapa-blanco-f-10-b;Colgador Alacena con Tapa Blanco;Hogar y Obra;;;;;;;535.50;;;;;;;F-10-B;;SI;NO;Marca: BRONZEN<br>Código: F-10-B<br>Producto disponible en Herrajes Darío.;BRONZEN;Colgador Alacena con Tapa Blanco | Herrajes Darío;Colgador Alacena con Tapa Blanco marca BRONZEN. Código F-10-B. Consultá disponibilidad en Herrajes Darío.;BRONZEN;SI;;;;;https://drive.google.com/uc?export=view&id=1k6IIyBANEDNVLtYELuzO3xVbjl3QPy5P;soportef-10-b.jpg
colgador-alacena-con-tapa-negro-f-10-n;Colgador Alacena con Tapa Negro;Hogar y Obra;;;;;;;535.50;;;;;;;F-10-N;;SI;NO;Marca: BRONZEN<br>Código: F-10-N<br>Producto disponible en Herrajes Darío.;BRONZEN;Colgador Alacena con Tapa Negro | Herrajes Darío;Colgador Alacena con Tapa Negro marca BRONZEN. Código F-10-N. Consultá disponibilidad en Herrajes Darío.;BRONZEN;SI;;;;;https://drive.google.com/uc?export=view&id=1Rq2DPySz7iK1czgGWJkEil0ZH-xWG6We;F10N.jpg
canto-preencolado-melaminico-blanco-22mm-x-50-mts-tpc-21;Canto Preencolado Melaminico Blanco 22mm x 50 mts;Hogar y Obra;;;;;;;7455.00;;;;;;;TPC-21;;SI;NO;Marca: BRONZEN<br>Código: TPC-21<br>Producto disponible en Herrajes Darío.;BRONZEN;Canto Preencolado Melaminico Blanco 22mm x 50 mts | Herrajes Darío;Canto Preencolado Melaminico Blanco 22mm x 50 mts marca BRONZEN. Código TPC-21. Consultá disponibilidad en Herrajes Darío.;BRONZEN;SI;;;;;;
canto-pvc-blanco-0-40mm-x-100-mts-tpc-30;Canto PVC Blanco 0,40mm x 100 Mts;Hogar y Obra;;;;;;;10500.00;;;;;;;TPC-30;;SI;NO;Marca: BRONZEN<br>Código: TPC-30<br>Producto disponible en Herrajes Darío.;BRONZEN;Canto PVC Blanco 0,40mm x 100 Mts | Herrajes Darío;Canto PVC Blanco 0,40mm x 100 Mts marca BRONZEN. Código TPC-30. Consultá disponibilidad en Herrajes Darío.;BRONZEN;SI;;;;;;
zocalo-pvc-100mm-x-3-mts-aluminio-anodizado-tuh-1100;Zocalo Pvc 100mm x 3 mts Aluminio Anodizado;Hogar y Obra;;;;;;;11655.00;;;;;;;TUH-1100;;SI;NO;Marca: BRONZEN<br>Código: TUH-1100<br>Producto disponible en Herrajes Darío.;BRONZEN;Zocalo Pvc 100mm x 3 mts Aluminio Anodizado | Herrajes Darío;Zocalo Pvc 100mm x 3 mts Aluminio Anodizado marca BRONZEN. Código TUH-1100. Consultá disponibilidad en Herrajes Darío.;BRONZEN;SI;;;;;;
union-zocalo-100mm-90-aluminio-tuh-1100-9;Union Zocalo 100mm 90° Aluminio;Hogar y Obra;;;;;;;609.00;;;;;;;TUH-1100-9;;SI;NO;Marca: BRONZEN<br>Código: TUH-1100-9<br>Producto disponible en Herrajes Darío.;BRONZEN;Union Zocalo 100mm 90° Aluminio | Herrajes Darío;Union Zocalo 100mm 90° Aluminio marca BRONZEN. Código TUH-1100-9. Consultá disponibilidad en Herrajes Darío.;BRONZEN;SI;;;;;https://drive.google.com/uc?export=view&id=12mANq2r1BMnALXKDn8GWjgFl8SAHeA3G;esqtuh-1100-9.jpg
zocalo-pvc-100mm-x-3-mts-aluminio-negro-tuh-1100-n;Zocalo Pvc 100mm x 3 mts Aluminio Negro;Hogar y Obra;;;;;;;11655.00;;;;;;;TUH-1100-N;;SI;NO;Marca: BRONZEN<br>Código: TUH-1100-N<br>Producto disponible en Herrajes Darío.;BRONZEN;Zocalo Pvc 100mm x 3 mts Aluminio Negro | Herrajes Darío;Zocalo Pvc 100mm x 3 mts Aluminio Negro marca BRONZEN. Código TUH-1100-N. Consultá disponibilidad en Herrajes Darío.;BRONZEN;SI;;;;;;
union-zocalo-100mm-90-aluminio-negro-tuh-1100-9-n;Union Zocalo 100mm 90° Aluminio Negro;Hogar y Obra;;;;;;;609.00;;;;;;;TUH-1100-9-N;;SI;NO;Marca: BRONZEN<br>Código: TUH-1100-9-N<br>Producto disponible en Herrajes Darío.;BRONZEN;Union Zocalo 100mm 90° Aluminio Negro | Herrajes Darío;Union Zocalo 100mm 90° Aluminio Negro marca BRONZEN. Código TUH-1100-9-N. Consultá disponibilidad en Herrajes Darío.;BRONZEN;SI;;;;;https://drive.google.com/uc?export=view&id=12mANq2r1BMnALXKDn8GWjgFl8SAHeA3G;esqtuh-1100-9.jpg
zocalo-pvc-120mm-x-3-mts-aluminio-anodizado-tuh-1120;Zocalo Pvc 120mm x 3 mts Aluminio Anodizado;Hogar y Obra;;;;;;;13440.00;;;;;;;TUH-1120;;SI;NO;Marca: BRONZEN<br>Código: TUH-1120<br>Producto disponible en Herrajes Darío.;BRONZEN;Zocalo Pvc 120mm x 3 mts Aluminio Anodizado | Herrajes Darío;Zocalo Pvc 120mm x 3 mts Aluminio Anodizado marca BRONZEN. Código TUH-1120. Consultá disponibilidad en Herrajes Darío.;BRONZEN;SI;;;;;;
union-zocalo-120mm-90-aluminio-tuh-1120-9;Union Zocalo 120mm 90° Aluminio;Hogar y Obra;;;;;;;840.00;;;;;;;TUH-1120-9;;SI;NO;Marca: BRONZEN<br>Código: TUH-1120-9<br>Producto disponible en Herrajes Darío.;BRONZEN;Union Zocalo 120mm 90° Aluminio | Herrajes Darío;Union Zocalo 120mm 90° Aluminio marca BRONZEN. Código TUH-1120-9. Consultá disponibilidad en Herrajes Darío.;BRONZEN;SI;;;;;https://drive.google.com/uc?export=view&id=12mANq2r1BMnALXKDn8GWjgFl8SAHeA3G;esqtuh-1100-9.jpg
zocalo-pvc-120mm-x-3-mts-aluminio-negro-tuh-1120-n;Zocalo Pvc 120mm x 3 mts Aluminio Negro;Hogar y Obra;;;;;;;13440.00;;;;;;;TUH-1120-N;;SI;NO;Marca: BRONZEN<br>Código: TUH-1120-N<br>Producto disponible en Herrajes Darío.;BRONZEN;Zocalo Pvc 120mm x 3 mts Aluminio Negro | Herrajes Darío;Zocalo Pvc 120mm x 3 mts Aluminio Negro marca BRONZEN. Código TUH-1120-N. Consultá disponibilidad en Herrajes Darío.;BRONZEN;SI;;;;;;
union-zocalo-120mm-90-aluminio-negro-tuh-1120-9-n;Union Zocalo 120mm 90° Aluminio Negro;Hogar y Obra;;;;;;;840.00;;;;;;;TUH-1120-9-N;;SI;NO;Marca: BRONZEN<br>Código: TUH-1120-9-N<br>Producto disponible en Herrajes Darío.;BRONZEN;Union Zocalo 120mm 90° Aluminio Negro | Herrajes Darío;Union Zocalo 120mm 90° Aluminio Negro marca BRONZEN. Código TUH-1120-9-N. Consultá disponibilidad en Herrajes Darío.;BRONZEN;SI;;;;;https://drive.google.com/uc?export=view&id=12mANq2r1BMnALXKDn8GWjgFl8SAHeA3G;esqtuh-1100-9.jpg
zocalo-pvc-100mm-x-4mts-aluminio-cepillado-zp10a;Zocalo Pvc 100mm x 4mts Aluminio Cepillado;Hogar y Obra;;;;;;;15645.00;;;;;;;ZP10A;;SI;NO;Marca: Grupo Euro<br>Código: ZP10A<br>Producto disponible en Herrajes Darío.;Grupo Euro;Zocalo Pvc 100mm x 4mts Aluminio Cepillado | Herrajes Darío;Zocalo Pvc 100mm x 4mts Aluminio Cepillado marca Grupo Euro. Código ZP10A. Consultá disponibilidad en Herrajes Darío.;Grupo Euro;SI;;;;;https://drive.google.com/uc?export=view&id=1UoKGJRY_VyfIWcgswNT2PEEH0imXu3DF;CPZ.jpg
puntera-zocalo-pvc-100mm-aluminio-cepillado-ezp10a;Puntera Zocalo Pvc 100mm Aluminio Cepillado;Hogar y Obra;;;;;;;1312.50;;;;;;;EZP10A;;SI;NO;Marca: Grupo Euro<br>Código: EZP10A<br>Producto disponible en Herrajes Darío.;Grupo Euro;Puntera Zocalo Pvc 100mm Aluminio Cepillado | Herrajes Darío;Puntera Zocalo Pvc 100mm Aluminio Cepillado marca Grupo Euro. Código EZP10A. Consultá disponibilidad en Herrajes Darío.;Grupo Euro;SI;;;;;https://drive.google.com/uc?export=view&id=17XVB_1GLdKPiTbXDhydO7jbpeqJo9QKN;ESQ_EZP10A_01.jpg
zocalo-pvc-100mm-x-3mts-aluminio-negro-zp10n;Zocalo Pvc 100mm x 3mts Aluminio Negro;Hogar y Obra;;;;;;;15645.00;;;;;;;ZP10N;;SI;NO;Marca: Grupo Euro<br>Código: ZP10N<br>Producto disponible en Herrajes Darío.;Grupo Euro;Zocalo Pvc 100mm x 3mts Aluminio Negro | Herrajes Darío;Zocalo Pvc 100mm x 3mts Aluminio Negro marca Grupo Euro. Código ZP10N. Consultá disponibilidad en Herrajes Darío.;Grupo Euro;SI;;;;;https://drive.google.com/uc?export=view&id=1UoKGJRY_VyfIWcgswNT2PEEH0imXu3DF;CPZ.jpg
puntera-zocalo-pvc-100mm-aluminio-negro-ezp10n;Puntera Zocalo Pvc 100mm Aluminio Negro;Hogar y Obra;;;;;;;1312.50;;;;;;;EZP10N;;SI;NO;Marca: Grupo Euro<br>Código: EZP10N<br>Producto disponible en Herrajes Darío.;Grupo Euro;Puntera Zocalo Pvc 100mm Aluminio Negro | Herrajes Darío;Puntera Zocalo Pvc 100mm Aluminio Negro marca Grupo Euro. Código EZP10N. Consultá disponibilidad en Herrajes Darío.;Grupo Euro;SI;;;;;https://drive.google.com/uc?export=view&id=17XVB_1GLdKPiTbXDhydO7jbpeqJo9QKN;ESQ_EZP10A_01.jpg
zocalo-pvc-100mm-x-4mts-aluminio-cepillado-zp12a;Zocalo Pvc 100mm x 4mts Aluminio Cepillado;Hogar y Obra;;;;;;;18795.00;;;;;;;ZP12A;;SI;NO;Marca: Grupo Euro<br>Código: ZP12A<br>Producto disponible en Herrajes Darío.;Grupo Euro;Zocalo Pvc 100mm x 4mts Aluminio Cepillado | Herrajes Darío;Zocalo Pvc 100mm x 4mts Aluminio Cepillado marca Grupo Euro. Código ZP12A. Consultá disponibilidad en Herrajes Darío.;Grupo Euro;SI;;;;;https://drive.google.com/uc?export=view&id=1UoKGJRY_VyfIWcgswNT2PEEH0imXu3DF;CPZ.jpg
puntera-zocalo-pvc-120mm-aluminio-cepillado-ezp12a;Puntera Zocalo Pvc 120mm Aluminio Cepillado;Hogar y Obra;;;;;;;1470.00;;;;;;;EZP12A;;SI;NO;Marca: Grupo Euro<br>Código: EZP12A<br>Producto disponible en Herrajes Darío.;Grupo Euro;Puntera Zocalo Pvc 120mm Aluminio Cepillado | Herrajes Darío;Puntera Zocalo Pvc 120mm Aluminio Cepillado marca Grupo Euro. Código EZP12A. Consultá disponibilidad en Herrajes Darío.;Grupo Euro;SI;;;;;https://drive.google.com/uc?export=view&id=17XVB_1GLdKPiTbXDhydO7jbpeqJo9QKN;ESQ_EZP10A_01.jpg
zocalo-pvc-100mm-x-3mts-aluminio-negro-zp12n;Zocalo Pvc 100mm x 3mts Aluminio Negro;Hogar y Obra;;;;;;;18795.00;;;;;;;ZP12N;;SI;NO;Marca: Grupo Euro<br>Código: ZP12N<br>Producto disponible en Herrajes Darío.;Grupo Euro;Zocalo Pvc 100mm x 3mts Aluminio Negro | Herrajes Darío;Zocalo Pvc 100mm x 3mts Aluminio Negro marca Grupo Euro. Código ZP12N. Consultá disponibilidad en Herrajes Darío.;Grupo Euro;SI;;;;;https://drive.google.com/uc?export=view&id=1UoKGJRY_VyfIWcgswNT2PEEH0imXu3DF;CPZ.jpg
puntera-zocalo-pvc-120mm-aluminio-cepillado-ezp12n;Puntera Zocalo Pvc 120mm Aluminio Cepillado;Hogar y Obra;;;;;;;1470.00;;;;;;;EZP12N;;SI;NO;Marca: Grupo Euro<br>Código: EZP12N<br>Producto disponible en Herrajes Darío.;Grupo Euro;Puntera Zocalo Pvc 120mm Aluminio Cepillado | Herrajes Darío;Puntera Zocalo Pvc 120mm Aluminio Cepillado marca Grupo Euro. Código EZP12N. Consultá disponibilidad en Herrajes Darío.;Grupo Euro;SI;;;;;https://drive.google.com/uc?export=view&id=17XVB_1GLdKPiTbXDhydO7jbpeqJo9QKN;ESQ_EZP10A_01.jpg
pata-zocalo-pvc-negra-regulable-100-120-150-80kg-c-u-ptz;Pata Zocalo PVC Negra Regulable 100/120/150 80kg c/u;Hogar y Obra;;;;;;;1102.50;;;;;;;PTZ;;SI;NO;Marca: Grupo Euro<br>Código: PTZ<br>Producto disponible en Herrajes Darío.;Grupo Euro;Pata Zocalo PVC Negra Regulable 100/120/150 80kg c/u | Herrajes Darío;Pata Zocalo PVC Negra Regulable 100/120/150 80kg c/u marca Grupo Euro. Código PTZ. Consultá disponibilidad en Herrajes Darío.;Grupo Euro;SI;;;;;https://drive.google.com/uc?export=view&id=1UoKGJRY_VyfIWcgswNT2PEEH0imXu3DF;CPZ.jpg
clip-para-zocalo-de-pvc-cpzp;Clip para Zocalo de PVC;Hogar y Obra;;;;;;;262.50;;;;;;;CPZP;;SI;NO;Marca: Grupo Euro<br>Código: CPZP<br>Producto disponible en Herrajes Darío.;Grupo Euro;Clip para Zocalo de PVC | Herrajes Darío;Clip para Zocalo de PVC marca Grupo Euro. Código CPZP. Consultá disponibilidad en Herrajes Darío.;Grupo Euro;SI;;;;;https://drive.google.com/uc?export=view&id=1UoKGJRY_VyfIWcgswNT2PEEH0imXu3DF;CPZ.jpg
pata-zocalo-pvc-negra-regulable-100-a-170-brz-6210;Pata Zocalo PVC Negra Regulable 100 a 170;Hogar y Obra;;;;;;;598.50;;;;;;;BRZ-6210;;SI;NO;Marca: BRONZEN<br>Código: BRZ-6210<br>Producto disponible en Herrajes Darío.;BRONZEN;Pata Zocalo PVC Negra Regulable 100 a 170 | Herrajes Darío;Pata Zocalo PVC Negra Regulable 100 a 170 marca BRONZEN. Código BRZ-6210. Consultá disponibilidad en Herrajes Darío.;BRONZEN;SI;;;;;https://drive.google.com/uc?export=view&id=1cqR1PK_edy29YG3PWqGwBCJAJSPTqMeO;Brz-6210.jpg
clip-perro-para-zocalo-de-pvc-brz-6295;Clip Perro para Zocalo de PVC;Hogar y Obra;;;;;;;105.00;;;;;;;BRZ-6295;;SI;NO;Marca: BRONZEN<br>Código: BRZ-6295<br>Producto disponible en Herrajes Darío.;BRONZEN;Clip Perro para Zocalo de PVC | Herrajes Darío;Clip Perro para Zocalo de PVC marca BRONZEN. Código BRZ-6295. Consultá disponibilidad en Herrajes Darío.;BRONZEN;SI;;;;;https://drive.google.com/uc?export=view&id=1kXgh4qOJpVZ6MDdxBXYoCfP2qWJrgsdg;BRZ-6295.jpg
perfil-plano-100mm-x-3-mts-aluminio-tuh-404;Perfil Plano 100mm x 3 mts Aluminio;Hogar y Obra;;;;;;;23310.00;;;;;;;TUH-404;;SI;NO;Marca: BRONZEN<br>Código: TUH-404<br>Producto disponible en Herrajes Darío.;BRONZEN;Perfil Plano 100mm x 3 mts Aluminio | Herrajes Darío;Perfil Plano 100mm x 3 mts Aluminio marca BRONZEN. Código TUH-404. Consultá disponibilidad en Herrajes Darío.;BRONZEN;SI;;;;;;
perfil-plano-120mm-x-3-mts-aluminio-tuh-405;Perfil Plano 120mm x 3 mts Aluminio;Hogar y Obra;;;;;;;28770.00;;;;;;;TUH-405;;SI;NO;Marca: BRONZEN<br>Código: TUH-405<br>Producto disponible en Herrajes Darío.;BRONZEN;Perfil Plano 120mm x 3 mts Aluminio | Herrajes Darío;Perfil Plano 120mm x 3 mts Aluminio marca BRONZEN. Código TUH-405. Consultá disponibilidad en Herrajes Darío.;BRONZEN;SI;;;;;;
perfil-plano-100mm-x-3-mts-aluminio-p100;Perfil Plano 100mm x 3 mts Aluminio;Hogar y Obra;;;;;;;26775.00;;;;;;;P100;;SI;NO;Marca: Grupo Euro<br>Código: P100<br>Producto disponible en Herrajes Darío.;Grupo Euro;Perfil Plano 100mm x 3 mts Aluminio | Herrajes Darío;Perfil Plano 100mm x 3 mts Aluminio marca Grupo Euro. Código P100. Consultá disponibilidad en Herrajes Darío.;Grupo Euro;SI;;;;;https://drive.google.com/uc?export=view&id=1JDFPd9FwtttwpIu9A7uymoaulUIrvZLU;ESQ_P100_01.jpg
perfil-plano-100mm-x-3-mts-aluminio-negro-p100n;Perfil Plano 100mm x 3 mts Aluminio Negro;Hogar y Obra;;;;;;;26775.00;;;;;;;P100N;;SI;NO;Marca: Grupo Euro<br>Código: P100N<br>Producto disponible en Herrajes Darío.;Grupo Euro;Perfil Plano 100mm x 3 mts Aluminio Negro | Herrajes Darío;Perfil Plano 100mm x 3 mts Aluminio Negro marca Grupo Euro. Código P100N. Consultá disponibilidad en Herrajes Darío.;Grupo Euro;SI;;;;;https://drive.google.com/uc?export=view&id=1JDFPd9FwtttwpIu9A7uymoaulUIrvZLU;ESQ_P100_01.jpg
perfil-plano-120mm-x-3-mts-aluminio-p120;Perfil Plano 120mm x 3 mts Aluminio;Hogar y Obra;;;;;;;32130.00;;;;;;;P120;;SI;NO;Marca: Grupo Euro<br>Código: P120<br>Producto disponible en Herrajes Darío.;Grupo Euro;Perfil Plano 120mm x 3 mts Aluminio | Herrajes Darío;Perfil Plano 120mm x 3 mts Aluminio marca Grupo Euro. Código P120. Consultá disponibilidad en Herrajes Darío.;Grupo Euro;SI;;;;;https://drive.google.com/uc?export=view&id=1JDFPd9FwtttwpIu9A7uymoaulUIrvZLU;ESQ_P100_01.jpg
perfil-led-de-embutir-x-3-mts-aluminio-ple;Perfil Led de embutir x 3 mts Aluminio;Iluminación LED;;;;;;;13335.00;;;;;;;PLE;;SI;NO;Marca: Grupo Euro<br>Código: PLE<br>Producto disponible en Herrajes Darío.;Grupo Euro;Perfil Led de embutir x 3 mts Aluminio | Herrajes Darío;Perfil Led de embutir x 3 mts Aluminio marca Grupo Euro. Código PLE. Consultá disponibilidad en Herrajes Darío.;Grupo Euro;SI;;;;;https://drive.google.com/uc?export=view&id=1cgAq5WoRcSHEcLsD6u319A1Qz_lJI2rE;ESQ_EURO15_01.jpg
perfil-led-de-embutir-x-3-mts-negro-plen;Perfil Led de embutir x 3 mts Negro;Iluminación LED;;;;;;;14700.00;;;;;;;PLEN;;SI;NO;Marca: Grupo Euro<br>Código: PLEN<br>Producto disponible en Herrajes Darío.;Grupo Euro;Perfil Led de embutir x 3 mts Negro | Herrajes Darío;Perfil Led de embutir x 3 mts Negro marca Grupo Euro. Código PLEN. Consultá disponibilidad en Herrajes Darío.;Grupo Euro;SI;;;;;https://drive.google.com/uc?export=view&id=1cgAq5WoRcSHEcLsD6u319A1Qz_lJI2rE;ESQ_EURO15_01.jpg
canto-u-liso-de-15mm-x-3-mts-aluminio-euro15;Canto U Liso de 15mm x 3 mts Aluminio;Hogar y Obra;;;;;;;5617.50;;;;;;;EURO15;;SI;NO;Marca: Grupo Euro<br>Código: EURO15<br>Producto disponible en Herrajes Darío.;Grupo Euro;Canto U Liso de 15mm x 3 mts Aluminio | Herrajes Darío;Canto U Liso de 15mm x 3 mts Aluminio marca Grupo Euro. Código EURO15. Consultá disponibilidad en Herrajes Darío.;Grupo Euro;SI;;;;;https://drive.google.com/uc?export=view&id=1cgAq5WoRcSHEcLsD6u319A1Qz_lJI2rE;ESQ_EURO15_01.jpg
puntera-brillante-15mm-eb15;Puntera Brillante 15mm;Hogar y Obra;;;;;;;483.00;;;;;;;EB15;;SI;NO;Marca: Grupo Euro<br>Código: EB15<br>Producto disponible en Herrajes Darío.;Grupo Euro;Puntera Brillante 15mm | Herrajes Darío;Puntera Brillante 15mm marca Grupo Euro. Código EB15. Consultá disponibilidad en Herrajes Darío.;Grupo Euro;SI;;;;;https://drive.google.com/uc?export=view&id=18ORRYymPyWkb28qzQxNV9gwsyhEGsUp5;EB15.jpg
canto-u-liso-de-18mm-x-3-mts-aluminio-euro18;Canto U Liso de 18mm x 3 mts Aluminio;Hogar y Obra;;;;;;;5617.50;;;;;;;EURO18;;SI;NO;Marca: Grupo Euro<br>Código: EURO18<br>Producto disponible en Herrajes Darío.;Grupo Euro;Canto U Liso de 18mm x 3 mts Aluminio | Herrajes Darío;Canto U Liso de 18mm x 3 mts Aluminio marca Grupo Euro. Código EURO18. Consultá disponibilidad en Herrajes Darío.;Grupo Euro;SI;;;;;https://drive.google.com/uc?export=view&id=1JFrQqybt1XK-JMVs-p3sTvTv5Wz6KlNR;ESQ_EURO18_01.jpg
puntera-brillante-18mm-eb18;Puntera Brillante 18mm;Hogar y Obra;;;;;;;483.00;;;;;;;EB18;;SI;NO;Marca: Grupo Euro<br>Código: EB18<br>Producto disponible en Herrajes Darío.;Grupo Euro;Puntera Brillante 18mm | Herrajes Darío;Puntera Brillante 18mm marca Grupo Euro. Código EB18. Consultá disponibilidad en Herrajes Darío.;Grupo Euro;SI;;;;;https://drive.google.com/uc?export=view&id=1Y4WaiOobyLAEpaNQB6lbuIbrUPYKI8oX;EB18.jpg
puntera-cromo-mate-18mm-em18;Puntera Cromo Mate 18mm;Hogar y Obra;;;;;;;546.00;;;;;;;EM18;;SI;NO;Marca: Grupo Euro<br>Código: EM18<br>Producto disponible en Herrajes Darío.;Grupo Euro;Puntera Cromo Mate 18mm | Herrajes Darío;Puntera Cromo Mate 18mm marca Grupo Euro. Código EM18. Consultá disponibilidad en Herrajes Darío.;Grupo Euro;SI;;;;;https://drive.google.com/uc?export=view&id=1AeG138ongidFU6VsfE43M7iXdD8tf_R0;EM18.jpg
canto-u-de-18mm-x-3-mts-aluminio-eben-con-ranura-eben;Canto U de 18mm x 3 mts Aluminio EBEN (CON RANURA);Hogar y Obra;;;;;;;5680.50;;;;;;;EBEN;;SI;NO;Marca: Grupo Euro<br>Código: EBEN<br>Producto disponible en Herrajes Darío.;Grupo Euro;Canto U de 18mm x 3 mts Aluminio EBEN (CON RANURA) | Herrajes Darío;Canto U de 18mm x 3 mts Aluminio EBEN (CON RANURA) marca Grupo Euro. Código EBEN. Consultá disponibilidad en Herrajes Darío.;Grupo Euro;SI;;;;;https://drive.google.com/uc?export=view&id=1OODz-n5hpD-YLO9nx41wHH1GinUF5lNE;EBEN.jpg
puntera-brillante-18mm-eben-ebu;Puntera Brillante 18mm EBEN;Hogar y Obra;;;;;;;483.00;;;;;;;EBU;;SI;NO;Marca: Grupo Euro<br>Código: EBU<br>Producto disponible en Herrajes Darío.;Grupo Euro;Puntera Brillante 18mm EBEN | Herrajes Darío;Puntera Brillante 18mm EBEN marca Grupo Euro. Código EBU. Consultá disponibilidad en Herrajes Darío.;Grupo Euro;SI;;;;;https://drive.google.com/uc?export=view&id=1smB91VAWzwQEtsKseMq2Z6-sZoXvHvxF;EBU.jpg
canto-u-liso-de-18mm-x-3-mts-aluminio-tuh-801;Canto U Liso de 18mm x 3 mts Aluminio;Hogar y Obra;;;;;;;5061.00;;;;;;;TUH-801;;SI;NO;Marca: BRONZEN<br>Código: TUH-801<br>Producto disponible en Herrajes Darío.;BRONZEN;Canto U Liso de 18mm x 3 mts Aluminio | Herrajes Darío;Canto U Liso de 18mm x 3 mts Aluminio marca BRONZEN. Código TUH-801. Consultá disponibilidad en Herrajes Darío.;BRONZEN;SI;;;;;;
puntera-brillante-18mm-tuh-et-b;Puntera Brillante 18mm;Hogar y Obra;;;;;;;315.00;;;;;;;TUH-ET-B;;SI;NO;Marca: BRONZEN<br>Código: TUH-ET-B<br>Producto disponible en Herrajes Darío.;BRONZEN;Puntera Brillante 18mm | Herrajes Darío;Puntera Brillante 18mm marca BRONZEN. Código TUH-ET-B. Consultá disponibilidad en Herrajes Darío.;BRONZEN;SI;;;;;;
piso-de-aluminio-modulo-600-547-99-911;Piso de Aluminio Modulo 600;Accesorios de Cocina;;;;;;;58537.50;;;;;;;547.99.911;;SI;NO;Marca: HAFELE<br>Código: 547.99.911<br>Producto disponible en Herrajes Darío.;HAFELE;Piso de Aluminio Modulo 600 | Herrajes Darío;Piso de Aluminio Modulo 600 marca HAFELE. Código 547.99.911. Consultá disponibilidad en Herrajes Darío.;HAFELE;SI;;;;;https://drive.google.com/uc?export=view&id=1rGCoDTBRNQdsIF-R8JAO9jNsQE4wz-ic;pisoalu.jpg
piso-de-aluminio-modulo-800-547-99-913;Piso de Aluminio Modulo 800;Accesorios de Cocina;;;;;;;75180.00;;;;;;;547.99.913;;SI;NO;Marca: HAFELE<br>Código: 547.99.913<br>Producto disponible en Herrajes Darío.;HAFELE;Piso de Aluminio Modulo 800 | Herrajes Darío;Piso de Aluminio Modulo 800 marca HAFELE. Código 547.99.913. Consultá disponibilidad en Herrajes Darío.;HAFELE;SI;;;;;https://drive.google.com/uc?export=view&id=1rGCoDTBRNQdsIF-R8JAO9jNsQE4wz-ic;pisoalu.jpg
piso-de-aluminio-modulo-900-547-99-914;Piso de Aluminio Modulo 900;Accesorios de Cocina;;;;;;;83475.00;;;;;;;547.99.914;;SI;NO;Marca: HAFELE<br>Código: 547.99.914<br>Producto disponible en Herrajes Darío.;HAFELE;Piso de Aluminio Modulo 900 | Herrajes Darío;Piso de Aluminio Modulo 900 marca HAFELE. Código 547.99.914. Consultá disponibilidad en Herrajes Darío.;HAFELE;SI;;;;;https://drive.google.com/uc?export=view&id=1rGCoDTBRNQdsIF-R8JAO9jNsQE4wz-ic;pisoalu.jpg
piso-de-aluminio-modulo-1000-547-99-915;Piso de Aluminio Modulo 1000;Accesorios de Cocina;;;;;;;91875.00;;;;;;;547.99.915;;SI;NO;Marca: HAFELE<br>Código: 547.99.915<br>Producto disponible en Herrajes Darío.;HAFELE;Piso de Aluminio Modulo 1000 | Herrajes Darío;Piso de Aluminio Modulo 1000 marca HAFELE. Código 547.99.915. Consultá disponibilidad en Herrajes Darío.;HAFELE;SI;;;;;https://drive.google.com/uc?export=view&id=1rGCoDTBRNQdsIF-R8JAO9jNsQE4wz-ic;pisoalu.jpg
piso-de-aluminio-modulo-600-tuh-2060;Piso de Aluminio Modulo 600;Accesorios de Cocina;;;;;;;15120.00;;;;;;;TUH-2060;;SI;NO;Marca: BRONZEN<br>Código: TUH-2060<br>Producto disponible en Herrajes Darío.;BRONZEN;Piso de Aluminio Modulo 600 | Herrajes Darío;Piso de Aluminio Modulo 600 marca BRONZEN. Código TUH-2060. Consultá disponibilidad en Herrajes Darío.;BRONZEN;SI;;;;;https://drive.google.com/uc?export=view&id=1ttRy8_uKsOsLm4MGiqwoTN2L0bbT4Bbk;Pisoalum.jpg
piso-de-aluminio-modulo-800-tuh-2080;Piso de Aluminio Modulo 800;Accesorios de Cocina;;;;;;;18690.00;;;;;;;TUH-2080;;SI;NO;Marca: BRONZEN<br>Código: TUH-2080<br>Producto disponible en Herrajes Darío.;BRONZEN;Piso de Aluminio Modulo 800 | Herrajes Darío;Piso de Aluminio Modulo 800 marca BRONZEN. Código TUH-2080. Consultá disponibilidad en Herrajes Darío.;BRONZEN;SI;;;;;https://drive.google.com/uc?export=view&id=1ttRy8_uKsOsLm4MGiqwoTN2L0bbT4Bbk;Pisoalum.jpg
piso-de-aluminio-modulo-900-tuh-2090;Piso de Aluminio Modulo 900;Accesorios de Cocina;;;;;;;21105.00;;;;;;;TUH-2090;;SI;NO;Marca: BRONZEN<br>Código: TUH-2090<br>Producto disponible en Herrajes Darío.;BRONZEN;Piso de Aluminio Modulo 900 | Herrajes Darío;Piso de Aluminio Modulo 900 marca BRONZEN. Código TUH-2090. Consultá disponibilidad en Herrajes Darío.;BRONZEN;SI;;;;;https://drive.google.com/uc?export=view&id=1ttRy8_uKsOsLm4MGiqwoTN2L0bbT4Bbk;Pisoalum.jpg
piso-de-aluminio-modulo-1000-tuh-2010;Piso de Aluminio Modulo 1000;Accesorios de Cocina;;;;;;;23625.00;;;;;;;TUH-2010;;SI;NO;Marca: BRONZEN<br>Código: TUH-2010<br>Producto disponible en Herrajes Darío.;BRONZEN;Piso de Aluminio Modulo 1000 | Herrajes Darío;Piso de Aluminio Modulo 1000 marca BRONZEN. Código TUH-2010. Consultá disponibilidad en Herrajes Darío.;BRONZEN;SI;;;;;https://drive.google.com/uc?export=view&id=1ttRy8_uKsOsLm4MGiqwoTN2L0bbT4Bbk;Pisoalum.jpg
piso-de-aluminio-modulo-600-negro-tuh-2060-n;Piso de Aluminio Modulo 600 NEGRO;Accesorios de Cocina;;;;;;;19162.50;;;;;;;TUH-2060-N;;SI;NO;Marca: BRONZEN<br>Código: TUH-2060-N<br>Producto disponible en Herrajes Darío.;BRONZEN;Piso de Aluminio Modulo 600 NEGRO | Herrajes Darío;Piso de Aluminio Modulo 600 NEGRO marca BRONZEN. Código TUH-2060-N. Consultá disponibilidad en Herrajes Darío.;BRONZEN;SI;;;;;https://drive.google.com/uc?export=view&id=12YC4MNcGyzlSReEg8_CoCfEm6cj28ybN;pisoalumngo.jpg
piso-de-aluminio-modulo-800-negro-tuh-2080-n;Piso de Aluminio Modulo 800 NEGRO;Accesorios de Cocina;;;;;;;24990.00;;;;;;;TUH-2080-N;;SI;NO;Marca: BRONZEN<br>Código: TUH-2080-N<br>Producto disponible en Herrajes Darío.;BRONZEN;Piso de Aluminio Modulo 800 NEGRO | Herrajes Darío;Piso de Aluminio Modulo 800 NEGRO marca BRONZEN. Código TUH-2080-N. Consultá disponibilidad en Herrajes Darío.;BRONZEN;SI;;;;;https://drive.google.com/uc?export=view&id=12YC4MNcGyzlSReEg8_CoCfEm6cj28ybN;pisoalumngo.jpg
piso-de-aluminio-modulo-900-negro-tuh-2090-n;Piso de Aluminio Modulo 900 NEGRO;Accesorios de Cocina;;;;;;;27300.00;;;;;;;TUH-2090-N;;SI;NO;Marca: BRONZEN<br>Código: TUH-2090-N<br>Producto disponible en Herrajes Darío.;BRONZEN;Piso de Aluminio Modulo 900 NEGRO | Herrajes Darío;Piso de Aluminio Modulo 900 NEGRO marca BRONZEN. Código TUH-2090-N. Consultá disponibilidad en Herrajes Darío.;BRONZEN;SI;;;;;https://drive.google.com/uc?export=view&id=12YC4MNcGyzlSReEg8_CoCfEm6cj28ybN;pisoalumngo.jpg
piso-de-aluminio-modulo-1000-negro-tuh-2010-n;Piso de Aluminio Modulo 1000 NEGRO;Accesorios de Cocina;;;;;;;30555.00;;;;;;;TUH-2010-N;;SI;NO;Marca: BRONZEN<br>Código: TUH-2010-N<br>Producto disponible en Herrajes Darío.;BRONZEN;Piso de Aluminio Modulo 1000 NEGRO | Herrajes Darío;Piso de Aluminio Modulo 1000 NEGRO marca BRONZEN. Código TUH-2010-N. Consultá disponibilidad en Herrajes Darío.;BRONZEN;SI;;;;;https://drive.google.com/uc?export=view&id=12YC4MNcGyzlSReEg8_CoCfEm6cj28ybN;pisoalumngo.jpg
perfil-h-union-de-6mm-x-3mts-aluminio-hu6;"Perfil ""H"" Union de 6mm x 3mts Aluminio";Hogar y Obra;;;;;;;5376.00;;;;;;;HU6;;SI;NO;Marca: Grupo Euro<br>Código: HU6<br>Producto disponible en Herrajes Darío.;Grupo Euro;"Perfil ""H"" Union de 6mm x 3mts Aluminio | Herrajes Darío";"Perfil ""H"" Union de 6mm x 3mts Aluminio marca Grupo Euro. Código HU6. Consultá disponibilidad en Herrajes Darío.";Grupo Euro;SI;;;;;https://drive.google.com/uc?export=view&id=1_lAcaP9IOHyrynqrj8S5V9gMALcmrD11;ESQ_HU6_01.jpg
perfil-h-union-de-15mm-x-3mts-aluminio-hu15;"Perfil ""H"" Union de 15mm x 3mts Aluminio";Hogar y Obra;;;;;;;4840.50;;;;;;;HU15;;SI;NO;Marca: Grupo Euro<br>Código: HU15<br>Producto disponible en Herrajes Darío.;Grupo Euro;"Perfil ""H"" Union de 15mm x 3mts Aluminio | Herrajes Darío";"Perfil ""H"" Union de 15mm x 3mts Aluminio marca Grupo Euro. Código HU15. Consultá disponibilidad en Herrajes Darío.";Grupo Euro;SI;;;;;https://drive.google.com/uc?export=view&id=17ryi4qllxHil1QQI_Ey1kAnNGWCOR4h1;ESQ_HU15_01.jpg
perfil-h-union-de-18mm-x-3mts-aluminio-hu16;"Perfil ""H"" Union de 18mm x 3mts Aluminio";Hogar y Obra;;;;;;;7161.00;;;;;;;HU16;;SI;NO;Marca: Grupo Euro<br>Código: HU16<br>Producto disponible en Herrajes Darío.;Grupo Euro;"Perfil ""H"" Union de 18mm x 3mts Aluminio | Herrajes Darío";"Perfil ""H"" Union de 18mm x 3mts Aluminio marca Grupo Euro. Código HU16. Consultá disponibilidad en Herrajes Darío.";Grupo Euro;SI;;;;;https://drive.google.com/uc?export=view&id=1ibdDiv8Ql-pHrOQYByG5gJ1vuOaIZ1Kd;ESQ_HU18_01.jpg
perfil-h-union-de-18mm-x-3mts-aluminio-tuh-850;"Perfil ""H"" Union de 18mm x 3mts Aluminio";Hogar y Obra;;;;;;;7560.00;;;;;;;TUH-850;;SI;NO;Marca: BRONZEN<br>Código: TUH-850<br>Producto disponible en Herrajes Darío.;BRONZEN;"Perfil ""H"" Union de 18mm x 3mts Aluminio | Herrajes Darío";"Perfil ""H"" Union de 18mm x 3mts Aluminio marca BRONZEN. Código TUH-850. Consultá disponibilidad en Herrajes Darío.";BRONZEN;SI;;;;;https://drive.google.com/uc?export=view&id=1SbYjBZ91FoPZrEEjejomF-66yyz00p7i;esqtuh-50.jpg
perfil-manija-c-x-3-mts-aluminio-tuh-503;"Perfil Manija ""C"" x 3 mts Aluminio";Manijas y Tiradores;;;;;;;22050.00;;;;;;;TUH-503;;SI;NO;Marca: BRONZEN<br>Código: TUH-503<br>Producto disponible en Herrajes Darío.;BRONZEN;"Perfil Manija ""C"" x 3 mts Aluminio | Herrajes Darío";"Perfil Manija ""C"" x 3 mts Aluminio marca BRONZEN. Código TUH-503. Consultá disponibilidad en Herrajes Darío.";BRONZEN;SI;;;;;https://drive.google.com/uc?export=view&id=17dLUiZvVITzcoq3u5I6Yw3UEFMxPe2sA;manijabarralinox.jpg
perfil-manija-c-x-3-mts-negro-tuh-503-n;"Perfil Manija ""C"" x 3 mts Negro";Manijas y Tiradores;;;;;;;26775.00;;;;;;;TUH-503-N;;SI;NO;Marca: BRONZEN<br>Código: TUH-503-N<br>Producto disponible en Herrajes Darío.;BRONZEN;"Perfil Manija ""C"" x 3 mts Negro | Herrajes Darío";"Perfil Manija ""C"" x 3 mts Negro marca BRONZEN. Código TUH-503-N. Consultá disponibilidad en Herrajes Darío.";BRONZEN;SI;;;;;https://drive.google.com/uc?export=view&id=1tkRv7TlWxBUz9y3c-8OVmWhqf7BNim7A;manijabarralinoxngo.jpg
perfil-manija-j-curvo-x-3-mts-aluminio-tuh-504;"Perfil Manija ""J"" Curvo x 3 mts Aluminio";Manijas y Tiradores;;;;;;;18795.00;;;;;;;TUH-504;;SI;NO;Marca: BRONZEN<br>Código: TUH-504<br>Producto disponible en Herrajes Darío.;BRONZEN;"Perfil Manija ""J"" Curvo x 3 mts Aluminio | Herrajes Darío";"Perfil Manija ""J"" Curvo x 3 mts Aluminio marca BRONZEN. Código TUH-504. Consultá disponibilidad en Herrajes Darío.";BRONZEN;SI;;;;;https://drive.google.com/uc?export=view&id=1bwGUk-tggR1qdtsPweJ9PFvAIqSwfDr4;manijaarcocurvoal.jpg
perfil-manija-j-curvo-x-3-mts-negro-tuh-504-n;"Perfil Manija ""J"" Curvo x 3 mts Negro";Manijas y Tiradores;;;;;;;19845.00;;;;;;;TUH-504-N;;SI;NO;Marca: BRONZEN<br>Código: TUH-504-N<br>Producto disponible en Herrajes Darío.;BRONZEN;"Perfil Manija ""J"" Curvo x 3 mts Negro | Herrajes Darío";"Perfil Manija ""J"" Curvo x 3 mts Negro marca BRONZEN. Código TUH-504-N. Consultá disponibilidad en Herrajes Darío.";BRONZEN;SI;;;;;https://drive.google.com/uc?export=view&id=1W94N5xRs3IPgKf3pFpE_WIupVOzbyt2I;manijaarcocurvongo.jpg
perfil-manija-c-x-3-mts-aluminio-mc18;"Perfil Manija ""C"" x 3 mts Aluminio";Manijas y Tiradores;;;;;;;24780.00;;;;;;;MC18;;SI;NO;Marca: Grupo Euro<br>Código: MC18<br>Producto disponible en Herrajes Darío.;Grupo Euro;"Perfil Manija ""C"" x 3 mts Aluminio | Herrajes Darío";"Perfil Manija ""C"" x 3 mts Aluminio marca Grupo Euro. Código MC18. Consultá disponibilidad en Herrajes Darío.";Grupo Euro;SI;;;;;https://drive.google.com/uc?export=view&id=1fZKd-NsYGhUWGL_j0yMnc2C7BczVfgNv;ESQ_MC18_01.jpg
perfil-manija-c-x-3-mts-negro-mc18n;"Perfil Manija ""C"" x 3 mts Negro";Manijas y Tiradores;;;;;;;24780.00;;;;;;;MC18N;;SI;NO;Marca: Grupo Euro<br>Código: MC18N<br>Producto disponible en Herrajes Darío.;Grupo Euro;"Perfil Manija ""C"" x 3 mts Negro | Herrajes Darío";"Perfil Manija ""C"" x 3 mts Negro marca Grupo Euro. Código MC18N. Consultá disponibilidad en Herrajes Darío.";Grupo Euro;SI;;;;;https://drive.google.com/uc?export=view&id=1fZKd-NsYGhUWGL_j0yMnc2C7BczVfgNv;ESQ_MC18_01.jpg
perfil-manija-j-x-3-mts-aluminio-mj18;"Perfil Manija ""J"" x 3 mts Aluminio";Manijas y Tiradores;;;;;;;12285.00;;;;;;;MJ18;;SI;NO;Marca: Grupo Euro<br>Código: MJ18<br>Producto disponible en Herrajes Darío.;Grupo Euro;"Perfil Manija ""J"" x 3 mts Aluminio | Herrajes Darío";"Perfil Manija ""J"" x 3 mts Aluminio marca Grupo Euro. Código MJ18. Consultá disponibilidad en Herrajes Darío.";Grupo Euro;SI;;;;;https://drive.google.com/uc?export=view&id=1sLkQm6HOICQALDyCe6SorwOUgrJYjGZ3;ESQ_MJ18_01.jpg
perfil-manija-j-x-3-mts-negro-mj18n;"Perfil Manija ""J"" x 3 mts Negro";Manijas y Tiradores;;;;;;;12285.00;;;;;;;MJ18N;;SI;NO;Marca: Grupo Euro<br>Código: MJ18N<br>Producto disponible en Herrajes Darío.;Grupo Euro;"Perfil Manija ""J"" x 3 mts Negro | Herrajes Darío";"Perfil Manija ""J"" x 3 mts Negro marca Grupo Euro. Código MJ18N. Consultá disponibilidad en Herrajes Darío.";Grupo Euro;SI;;;;;https://drive.google.com/uc?export=view&id=1sLkQm6HOICQALDyCe6SorwOUgrJYjGZ3;ESQ_MJ18_01.jpg
perfil-manija-ht-x-3-mts-aluminio-mht18;"Perfil Manija ""HT"" x 3 mts Aluminio";Manijas y Tiradores;;;;;;;28665.00;;;;;;;MHT18;;SI;NO;Marca: Grupo Euro<br>Código: MHT18<br>Producto disponible en Herrajes Darío.;Grupo Euro;"Perfil Manija ""HT"" x 3 mts Aluminio | Herrajes Darío";"Perfil Manija ""HT"" x 3 mts Aluminio marca Grupo Euro. Código MHT18. Consultá disponibilidad en Herrajes Darío.";Grupo Euro;SI;;;;;https://drive.google.com/uc?export=view&id=1f7vM68wSLaFp2B2vgbe2tuIgmS4WnQl3;ESQ_MHT18_01.jpg
perfil-manija-ht-x-3-mts-negro-mht18n;"Perfil Manija ""HT"" x 3 mts Negro";Manijas y Tiradores;;;;;;;28665.00;;;;;;;MHT18N;;SI;NO;Marca: Grupo Euro<br>Código: MHT18N<br>Producto disponible en Herrajes Darío.;Grupo Euro;"Perfil Manija ""HT"" x 3 mts Negro | Herrajes Darío";"Perfil Manija ""HT"" x 3 mts Negro marca Grupo Euro. Código MHT18N. Consultá disponibilidad en Herrajes Darío.";Grupo Euro;SI;;;;;https://drive.google.com/uc?export=view&id=1f7vM68wSLaFp2B2vgbe2tuIgmS4WnQl3;ESQ_MHT18_01.jpg
guia-oculta-cierre-suave-300mm-um30;Guia Oculta Cierre Suave 300mm;Correderas para Muebles;;;;;;;21315.00;;;;;;;UM30;;SI;NO;Marca: Grupo Euro<br>Código: UM30<br>Producto disponible en Herrajes Darío.;Grupo Euro;Guia Oculta Cierre Suave 300mm | Herrajes Darío;Guia Oculta Cierre Suave 300mm marca Grupo Euro. Código UM30. Consultá disponibilidad en Herrajes Darío.;Grupo Euro;SI;;;;;https://drive.google.com/uc?export=view&id=1kLiQUNBPV_h8J5iAklZy8jLXaP62s1uR;ESQ_GSCL_01.jpg
guia-oculta-cierre-suave-400mm-um40;Guia Oculta Cierre Suave 400mm;Correderas para Muebles;;;;;;;22470.00;;;;;;;UM40;;SI;NO;Marca: Grupo Euro<br>Código: UM40<br>Producto disponible en Herrajes Darío.;Grupo Euro;Guia Oculta Cierre Suave 400mm | Herrajes Darío;Guia Oculta Cierre Suave 400mm marca Grupo Euro. Código UM40. Consultá disponibilidad en Herrajes Darío.;Grupo Euro;SI;;;;;https://drive.google.com/uc?export=view&id=1kLiQUNBPV_h8J5iAklZy8jLXaP62s1uR;ESQ_GSCL_01.jpg
guia-oculta-cierre-suave-450mm-um45;Guia Oculta Cierre Suave 450mm;Correderas para Muebles;;;;;;;23625.00;;;;;;;UM45;;SI;NO;Marca: Grupo Euro<br>Código: UM45<br>Producto disponible en Herrajes Darío.;Grupo Euro;Guia Oculta Cierre Suave 450mm | Herrajes Darío;Guia Oculta Cierre Suave 450mm marca Grupo Euro. Código UM45. Consultá disponibilidad en Herrajes Darío.;Grupo Euro;SI;;;;;https://drive.google.com/uc?export=view&id=1kLiQUNBPV_h8J5iAklZy8jLXaP62s1uR;ESQ_GSCL_01.jpg
guia-oculta-cierre-suave-500mm-um50;Guia Oculta Cierre Suave 500mm;Correderas para Muebles;;;;;;;24885.00;;;;;;;UM50;;SI;NO;Marca: Grupo Euro<br>Código: UM50<br>Producto disponible en Herrajes Darío.;Grupo Euro;Guia Oculta Cierre Suave 500mm | Herrajes Darío;Guia Oculta Cierre Suave 500mm marca Grupo Euro. Código UM50. Consultá disponibilidad en Herrajes Darío.;Grupo Euro;SI;;;;;https://drive.google.com/uc?export=view&id=1kLiQUNBPV_h8J5iAklZy8jLXaP62s1uR;ESQ_GSCL_01.jpg
guia-oculta-push-400mm-ump40;Guia Oculta Push 400mm;Correderas para Muebles;;;;;;;22470.00;;;;;;;UMP40;;SI;NO;Marca: Grupo Euro<br>Código: UMP40<br>Producto disponible en Herrajes Darío.;Grupo Euro;Guia Oculta Push 400mm | Herrajes Darío;Guia Oculta Push 400mm marca Grupo Euro. Código UMP40. Consultá disponibilidad en Herrajes Darío.;Grupo Euro;SI;;;;;https://drive.google.com/uc?export=view&id=19fCuvULqX1oaeWYdgkgKQouZoLM2-MWl;ESQ_GICL_01.jpg
guia-oculta-push-450mm-ump45;Guia Oculta Push 450mm;Correderas para Muebles;;;;;;;23625.00;;;;;;;UMP45;;SI;NO;Marca: Grupo Euro<br>Código: UMP45<br>Producto disponible en Herrajes Darío.;Grupo Euro;Guia Oculta Push 450mm | Herrajes Darío;Guia Oculta Push 450mm marca Grupo Euro. Código UMP45. Consultá disponibilidad en Herrajes Darío.;Grupo Euro;SI;;;;;https://drive.google.com/uc?export=view&id=19fCuvULqX1oaeWYdgkgKQouZoLM2-MWl;ESQ_GICL_01.jpg
guia-oculta-push-500mm-ump50;Guia Oculta Push 500mm;Correderas para Muebles;;;;;;;24885.00;;;;;;;UMP50;;SI;NO;Marca: Grupo Euro<br>Código: UMP50<br>Producto disponible en Herrajes Darío.;Grupo Euro;Guia Oculta Push 500mm | Herrajes Darío;Guia Oculta Push 500mm marca Grupo Euro. Código UMP50. Consultá disponibilidad en Herrajes Darío.;Grupo Euro;SI;;;;;https://drive.google.com/uc?export=view&id=19fCuvULqX1oaeWYdgkgKQouZoLM2-MWl;ESQ_GICL_01.jpg
guia-oculta-c-lateral-84x500-blanco-es84b;Guia Oculta C/ Lateral 84x500 Blanco;Correderas para Muebles;;;;;;;39795.00;;;;;;;ES84B;;SI;NO;Marca: Grupo Euro<br>Código: ES84B<br>Producto disponible en Herrajes Darío.;Grupo Euro;Guia Oculta C/ Lateral 84x500 Blanco | Herrajes Darío;Guia Oculta C/ Lateral 84x500 Blanco marca Grupo Euro. Código ES84B. Consultá disponibilidad en Herrajes Darío.;Grupo Euro;SI;;;;;https://drive.google.com/uc?export=view&id=1otv4Fa_U63CRJr_-ZtjLXnmUQXvxWfBr;ES84B.jpg
guia-oculta-c-lateral-84x500-gris-es84g;Guia Oculta C/ Lateral 84x500 Gris;Correderas para Muebles;;;;;;;39795.00;;;;;;;ES84G;;SI;NO;Marca: Grupo Euro<br>Código: ES84G<br>Producto disponible en Herrajes Darío.;Grupo Euro;Guia Oculta C/ Lateral 84x500 Gris | Herrajes Darío;Guia Oculta C/ Lateral 84x500 Gris marca Grupo Euro. Código ES84G. Consultá disponibilidad en Herrajes Darío.;Grupo Euro;SI;;;;;https://drive.google.com/uc?export=view&id=1n3dQtW7W_OVnqgafLAGouYCMNEQMQJpX;ES84G.jpg
guia-oculta-c-lateral-84x500-antracita-es84a;Guia Oculta C/ Lateral 84x500 Antracita;Correderas para Muebles;;;;;;;39795.00;;;;;;;ES84A;;SI;NO;Marca: Grupo Euro<br>Código: ES84A<br>Producto disponible en Herrajes Darío.;Grupo Euro;Guia Oculta C/ Lateral 84x500 Antracita | Herrajes Darío;Guia Oculta C/ Lateral 84x500 Antracita marca Grupo Euro. Código ES84A. Consultá disponibilidad en Herrajes Darío.;Grupo Euro;SI;;;;;https://drive.google.com/uc?export=view&id=1XjCH6EOz_Y6nkroa_dD32WL1f81VytY9;ES84A.jpg
baranda-cuadrada-500mm-blanco-gces84b;Baranda Cuadrada 500mm Blanco;Hogar y Obra;;;;;;;7455.00;;;;;;;GCES84B;;SI;NO;Marca: Grupo Euro<br>Código: GCES84B<br>Producto disponible en Herrajes Darío.;Grupo Euro;Baranda Cuadrada 500mm Blanco | Herrajes Darío;Baranda Cuadrada 500mm Blanco marca Grupo Euro. Código GCES84B. Consultá disponibilidad en Herrajes Darío.;Grupo Euro;SI;;;;;https://drive.google.com/uc?export=view&id=1otv4Fa_U63CRJr_-ZtjLXnmUQXvxWfBr;ES84B.jpg
baranda-cuadrada-500mm-gris-gces84g;Baranda Cuadrada 500mm Gris;Hogar y Obra;;;;;;;7455.00;;;;;;;GCES84G;;SI;NO;Marca: Grupo Euro<br>Código: GCES84G<br>Producto disponible en Herrajes Darío.;Grupo Euro;Baranda Cuadrada 500mm Gris | Herrajes Darío;Baranda Cuadrada 500mm Gris marca Grupo Euro. Código GCES84G. Consultá disponibilidad en Herrajes Darío.;Grupo Euro;SI;;;;;https://drive.google.com/uc?export=view&id=1n3dQtW7W_OVnqgafLAGouYCMNEQMQJpX;ES84G.jpg
baranda-cuadrada-500mm-antracita-gces84a;Baranda Cuadrada 500mm Antracita;Hogar y Obra;;;;;;;7455.00;;;;;;;GCES84A;;SI;NO;Marca: Grupo Euro<br>Código: GCES84A<br>Producto disponible en Herrajes Darío.;Grupo Euro;Baranda Cuadrada 500mm Antracita | Herrajes Darío;Baranda Cuadrada 500mm Antracita marca Grupo Euro. Código GCES84A. Consultá disponibilidad en Herrajes Darío.;Grupo Euro;SI;;;;;https://drive.google.com/uc?export=view&id=1XjCH6EOz_Y6nkroa_dD32WL1f81VytY9;ES84A.jpg
guia-oculta-cierre-suave-300mm-433-03-282;Guia Oculta Cierre Suave 300mm;Correderas para Muebles;;;;;;;26617.50;;;;;;;433.03.282;;SI;NO;Marca: HAFELE<br>Código: 433.03.282<br>Producto disponible en Herrajes Darío.;HAFELE;Guia Oculta Cierre Suave 300mm | Herrajes Darío;Guia Oculta Cierre Suave 300mm marca HAFELE. Código 433.03.282. Consultá disponibilidad en Herrajes Darío.;HAFELE;SI;;;;;https://drive.google.com/uc?export=view&id=1jVv7l8cUsDB3dZVSUS-5y5IbWXbKqPTV;guiaocultacs.jpg
guia-oculta-cierre-suave-350mm-433-03-283;Guia Oculta Cierre Suave 350mm;Correderas para Muebles;;;;;;;27510.00;;;;;;;433.03.283;;SI;NO;Marca: HAFELE<br>Código: 433.03.283<br>Producto disponible en Herrajes Darío.;HAFELE;Guia Oculta Cierre Suave 350mm | Herrajes Darío;Guia Oculta Cierre Suave 350mm marca HAFELE. Código 433.03.283. Consultá disponibilidad en Herrajes Darío.;HAFELE;SI;;;;;https://drive.google.com/uc?export=view&id=1jVv7l8cUsDB3dZVSUS-5y5IbWXbKqPTV;guiaocultacs.jpg
guia-oculta-cierre-suave-400mm-433-03-284;Guia Oculta Cierre Suave 400mm;Correderas para Muebles;;;;;;;28665.00;;;;;;;433.03.284;;SI;NO;Marca: HAFELE<br>Código: 433.03.284<br>Producto disponible en Herrajes Darío.;HAFELE;Guia Oculta Cierre Suave 400mm | Herrajes Darío;Guia Oculta Cierre Suave 400mm marca HAFELE. Código 433.03.284. Consultá disponibilidad en Herrajes Darío.;HAFELE;SI;;;;;https://drive.google.com/uc?export=view&id=1jVv7l8cUsDB3dZVSUS-5y5IbWXbKqPTV;guiaocultacs.jpg
guia-oculta-cierre-suave-450mm-433-03-285;Guia Oculta Cierre Suave 450mm;Correderas para Muebles;;;;;;;30555.00;;;;;;;433.03.285;;SI;NO;Marca: HAFELE<br>Código: 433.03.285<br>Producto disponible en Herrajes Darío.;HAFELE;Guia Oculta Cierre Suave 450mm | Herrajes Darío;Guia Oculta Cierre Suave 450mm marca HAFELE. Código 433.03.285. Consultá disponibilidad en Herrajes Darío.;HAFELE;SI;;;;;https://drive.google.com/uc?export=view&id=1jVv7l8cUsDB3dZVSUS-5y5IbWXbKqPTV;guiaocultacs.jpg
guia-oculta-cierre-suave-500mm-433-03-286;Guia Oculta Cierre Suave 500mm;Correderas para Muebles;;;;;;;31500.00;;;;;;;433.03.286;;SI;NO;Marca: HAFELE<br>Código: 433.03.286<br>Producto disponible en Herrajes Darío.;HAFELE;Guia Oculta Cierre Suave 500mm | Herrajes Darío;Guia Oculta Cierre Suave 500mm marca HAFELE. Código 433.03.286. Consultá disponibilidad en Herrajes Darío.;HAFELE;SI;;;;;https://drive.google.com/uc?export=view&id=1jVv7l8cUsDB3dZVSUS-5y5IbWXbKqPTV;guiaocultacs.jpg
guia-oculta-cierre-suave-550mm-433-03-287;Guia Oculta Cierre Suave 550mm;Correderas para Muebles;;;;;;;33862.50;;;;;;;433.03.287;;SI;NO;Marca: HAFELE<br>Código: 433.03.287<br>Producto disponible en Herrajes Darío.;HAFELE;Guia Oculta Cierre Suave 550mm | Herrajes Darío;Guia Oculta Cierre Suave 550mm marca HAFELE. Código 433.03.287. Consultá disponibilidad en Herrajes Darío.;HAFELE;SI;;;;;https://drive.google.com/uc?export=view&id=1jVv7l8cUsDB3dZVSUS-5y5IbWXbKqPTV;guiaocultacs.jpg
guia-oculta-duo-push-cierre-suave-300mm-433-03-681;Guia Oculta (Duo) Push + Cierre Suave 300mm;Correderas para Muebles;;;;;;;32340.00;;;;;;;433.03.681;;SI;NO;Marca: HAFELE<br>Código: 433.03.681<br>Producto disponible en Herrajes Darío.;HAFELE;Guia Oculta (Duo) Push + Cierre Suave 300mm | Herrajes Darío;Guia Oculta (Duo) Push + Cierre Suave 300mm marca HAFELE. Código 433.03.681. Consultá disponibilidad en Herrajes Darío.;HAFELE;SI;;;;;https://drive.google.com/uc?export=view&id=1hIrAy3nq1FT79OdnStZevuDkorQsE_yc;ocultaduo.jpg
guia-oculta-duo-push-cierre-suave-350mm-433-03-682;Guia Oculta (Duo) Push + Cierre Suave 350mm;Correderas para Muebles;;;;;;;33285.00;;;;;;;433.03.682;;SI;NO;Marca: HAFELE<br>Código: 433.03.682<br>Producto disponible en Herrajes Darío.;HAFELE;Guia Oculta (Duo) Push + Cierre Suave 350mm | Herrajes Darío;Guia Oculta (Duo) Push + Cierre Suave 350mm marca HAFELE. Código 433.03.682. Consultá disponibilidad en Herrajes Darío.;HAFELE;SI;;;;;https://drive.google.com/uc?export=view&id=1hIrAy3nq1FT79OdnStZevuDkorQsE_yc;ocultaduo.jpg
guia-oculta-duo-push-cierre-suave-400mm-433-03-683;Guia Oculta (Duo) Push + Cierre Suave 400mm;Correderas para Muebles;;;;;;;34545.00;;;;;;;433.03.683;;SI;NO;Marca: HAFELE<br>Código: 433.03.683<br>Producto disponible en Herrajes Darío.;HAFELE;Guia Oculta (Duo) Push + Cierre Suave 400mm | Herrajes Darío;Guia Oculta (Duo) Push + Cierre Suave 400mm marca HAFELE. Código 433.03.683. Consultá disponibilidad en Herrajes Darío.;HAFELE;SI;;;;;https://drive.google.com/uc?export=view&id=1hIrAy3nq1FT79OdnStZevuDkorQsE_yc;ocultaduo.jpg
guia-oculta-duo-push-cierre-suave-450mm-433-03-684;Guia Oculta (Duo) Push + Cierre Suave 450mm;Correderas para Muebles;;;;;;;36382.50;;;;;;;433.03.684;;SI;NO;Marca: HAFELE<br>Código: 433.03.684<br>Producto disponible en Herrajes Darío.;HAFELE;Guia Oculta (Duo) Push + Cierre Suave 450mm | Herrajes Darío;Guia Oculta (Duo) Push + Cierre Suave 450mm marca HAFELE. Código 433.03.684. Consultá disponibilidad en Herrajes Darío.;HAFELE;SI;;;;;https://drive.google.com/uc?export=view&id=1hIrAy3nq1FT79OdnStZevuDkorQsE_yc;ocultaduo.jpg
guia-oculta-duo-push-cierre-suave-500mm-433-03-685;Guia Oculta (Duo) Push + Cierre Suave 500mm;Correderas para Muebles;;;;;;;37170.00;;;;;;;433.03.685;;SI;NO;Marca: HAFELE<br>Código: 433.03.685<br>Producto disponible en Herrajes Darío.;HAFELE;Guia Oculta (Duo) Push + Cierre Suave 500mm | Herrajes Darío;Guia Oculta (Duo) Push + Cierre Suave 500mm marca HAFELE. Código 433.03.685. Consultá disponibilidad en Herrajes Darío.;HAFELE;SI;;;;;https://drive.google.com/uc?export=view&id=1hIrAy3nq1FT79OdnStZevuDkorQsE_yc;ocultaduo.jpg
guia-oculta-duo-push-cierre-suave-550mm-433-03-686;Guia Oculta (Duo) Push + Cierre Suave 550mm;Correderas para Muebles;;;;;;;39795.00;;;;;;;433.03.686;;SI;NO;Marca: HAFELE<br>Código: 433.03.686<br>Producto disponible en Herrajes Darío.;HAFELE;Guia Oculta (Duo) Push + Cierre Suave 550mm | Herrajes Darío;Guia Oculta (Duo) Push + Cierre Suave 550mm marca HAFELE. Código 433.03.686. Consultá disponibilidad en Herrajes Darío.;HAFELE;SI;;;;;https://drive.google.com/uc?export=view&id=1hIrAy3nq1FT79OdnStZevuDkorQsE_yc;ocultaduo.jpg
guia-oculta-c-lateral-84x500-blanco-552-56-795;Guia Oculta C/ Lateral 84x500 Blanco;Correderas para Muebles;;;;;;;55545.00;;;;;;;552.56.795;;SI;NO;Marca: HAFELE<br>Código: 552.56.795<br>Producto disponible en Herrajes Darío.;HAFELE;Guia Oculta C/ Lateral 84x500 Blanco | Herrajes Darío;Guia Oculta C/ Lateral 84x500 Blanco marca HAFELE. Código 552.56.795. Consultá disponibilidad en Herrajes Darío.;HAFELE;SI;;;;;https://drive.google.com/uc?export=view&id=1WrZI3AubK_iVhGGqtvWMW2fMSg8jmxjC;cajonhaf.jpg
guia-oculta-c-lateral-84x500-gris-552-56-695;Guia Oculta C/ Lateral 84x500 Gris;Correderas para Muebles;;;;;;;55545.00;;;;;;;552.56.695;;SI;NO;Marca: HAFELE<br>Código: 552.56.695<br>Producto disponible en Herrajes Darío.;HAFELE;Guia Oculta C/ Lateral 84x500 Gris | Herrajes Darío;Guia Oculta C/ Lateral 84x500 Gris marca HAFELE. Código 552.56.695. Consultá disponibilidad en Herrajes Darío.;HAFELE;SI;;;;;https://drive.google.com/uc?export=view&id=1WrZI3AubK_iVhGGqtvWMW2fMSg8jmxjC;cajonhaf.jpg
guia-oculta-c-lateral-84x500-antracita-552-56-495;Guia Oculta C/ Lateral 84x500 Antracita;Correderas para Muebles;;;;;;;56700.00;;;;;;;552.56.495;;SI;NO;Marca: HAFELE<br>Código: 552.56.495<br>Producto disponible en Herrajes Darío.;HAFELE;Guia Oculta C/ Lateral 84x500 Antracita | Herrajes Darío;Guia Oculta C/ Lateral 84x500 Antracita marca HAFELE. Código 552.56.495. Consultá disponibilidad en Herrajes Darío.;HAFELE;SI;;;;;https://drive.google.com/uc?export=view&id=1WrZI3AubK_iVhGGqtvWMW2fMSg8jmxjC;cajonhaf.jpg
guia-oculta-c-lateral-120x500-blanco-552-54-795;Guia Oculta C/ Lateral 120x500 Blanco;Correderas para Muebles;;;;;;;56805.00;;;;;;;552.54.795;;SI;NO;Marca: HAFELE<br>Código: 552.54.795<br>Producto disponible en Herrajes Darío.;HAFELE;Guia Oculta C/ Lateral 120x500 Blanco | Herrajes Darío;Guia Oculta C/ Lateral 120x500 Blanco marca HAFELE. Código 552.54.795. Consultá disponibilidad en Herrajes Darío.;HAFELE;SI;;;;;https://drive.google.com/uc?export=view&id=1WrZI3AubK_iVhGGqtvWMW2fMSg8jmxjC;cajonhaf.jpg
guia-oculta-c-lateral-120x500-gris-552-54-695;Guia Oculta C/ Lateral 120x500 Gris;Correderas para Muebles;;;;;;;56805.00;;;;;;;552.54.695;;SI;NO;Marca: HAFELE<br>Código: 552.54.695<br>Producto disponible en Herrajes Darío.;HAFELE;Guia Oculta C/ Lateral 120x500 Gris | Herrajes Darío;Guia Oculta C/ Lateral 120x500 Gris marca HAFELE. Código 552.54.695. Consultá disponibilidad en Herrajes Darío.;HAFELE;SI;;;;;https://drive.google.com/uc?export=view&id=1WrZI3AubK_iVhGGqtvWMW2fMSg8jmxjC;cajonhaf.jpg
guia-oculta-c-lateral-120x500-antracita-552-54-495;Guia Oculta C/ Lateral 120x500 Antracita;Correderas para Muebles;;;;;;;57960.00;;;;;;;552.54.495;;SI;NO;Marca: HAFELE<br>Código: 552.54.495<br>Producto disponible en Herrajes Darío.;HAFELE;Guia Oculta C/ Lateral 120x500 Antracita | Herrajes Darío;Guia Oculta C/ Lateral 120x500 Antracita marca HAFELE. Código 552.54.495. Consultá disponibilidad en Herrajes Darío.;HAFELE;SI;;;;;https://drive.google.com/uc?export=view&id=1WrZI3AubK_iVhGGqtvWMW2fMSg8jmxjC;cajonhaf.jpg
baranda-cuadrada-500mm-blanco-552-51-715;Baranda Cuadrada 500mm Blanco;Hogar y Obra;;;;;;;15645.00;;;;;;;552.51.715;;SI;NO;Marca: HAFELE<br>Código: 552.51.715<br>Producto disponible en Herrajes Darío.;HAFELE;Baranda Cuadrada 500mm Blanco | Herrajes Darío;Baranda Cuadrada 500mm Blanco marca HAFELE. Código 552.51.715. Consultá disponibilidad en Herrajes Darío.;HAFELE;SI;;;;;https://drive.google.com/uc?export=view&id=1HSTtRpdv8-ZJDabnePNMtqz2sF5ON8DK;baranda.jpg
baranda-cuadrada-500mm-gris-552-51-515;Baranda Cuadrada 500mm Gris;Hogar y Obra;;;;;;;16275.00;;;;;;;552.51.515;;SI;NO;Marca: HAFELE<br>Código: 552.51.515<br>Producto disponible en Herrajes Darío.;HAFELE;Baranda Cuadrada 500mm Gris | Herrajes Darío;Baranda Cuadrada 500mm Gris marca HAFELE. Código 552.51.515. Consultá disponibilidad en Herrajes Darío.;HAFELE;SI;;;;;https://drive.google.com/uc?export=view&id=1HSTtRpdv8-ZJDabnePNMtqz2sF5ON8DK;baranda.jpg
baranda-cuadrada-500mm-antracita-552-51-415;Baranda Cuadrada 500mm Antracita;Hogar y Obra;;;;;;;16537.50;;;;;;;552.51.415;;SI;NO;Marca: HAFELE<br>Código: 552.51.415<br>Producto disponible en Herrajes Darío.;HAFELE;Baranda Cuadrada 500mm Antracita | Herrajes Darío;Baranda Cuadrada 500mm Antracita marca HAFELE. Código 552.51.415. Consultá disponibilidad en Herrajes Darío.;HAFELE;SI;;;;;https://drive.google.com/uc?export=view&id=1HSTtRpdv8-ZJDabnePNMtqz2sF5ON8DK;baranda.jpg
manija-barral-96mm-acero-brillante-brz-9096-a;Manija Barral 96mm Acero Brillante;Manijas y Tiradores;;;;;;;682.50;;;;;;;BRZ-9096-A;;SI;NO;Marca: BRONZEN<br>Código: BRZ-9096-A<br>Producto disponible en Herrajes Darío.;BRONZEN;Manija Barral 96mm Acero Brillante | Herrajes Darío;Manija Barral 96mm Acero Brillante marca BRONZEN. Código BRZ-9096-A. Consultá disponibilidad en Herrajes Darío.;BRONZEN;SI;;;;;https://drive.google.com/uc?export=view&id=17dLUiZvVITzcoq3u5I6Yw3UEFMxPe2sA;manijabarralinox.jpg
manija-barral-96mm-negro-brz-9096-n;Manija Barral 96mm Negro;Manijas y Tiradores;;;;;;;955.50;;;;;;;BRZ-9096-N;;SI;NO;Marca: BRONZEN<br>Código: BRZ-9096-N<br>Producto disponible en Herrajes Darío.;BRONZEN;Manija Barral 96mm Negro | Herrajes Darío;Manija Barral 96mm Negro marca BRONZEN. Código BRZ-9096-N. Consultá disponibilidad en Herrajes Darío.;BRONZEN;SI;;;;;https://drive.google.com/uc?export=view&id=1tkRv7TlWxBUz9y3c-8OVmWhqf7BNim7A;manijabarralinoxngo.jpg
manija-barral-128mm-acero-brillante-brz-9028-a;Manija Barral 128mm Acero Brillante;Manijas y Tiradores;;;;;;;745.50;;;;;;;BRZ-9028-A;;SI;NO;Marca: BRONZEN<br>Código: BRZ-9028-A<br>Producto disponible en Herrajes Darío.;BRONZEN;Manija Barral 128mm Acero Brillante | Herrajes Darío;Manija Barral 128mm Acero Brillante marca BRONZEN. Código BRZ-9028-A. Consultá disponibilidad en Herrajes Darío.;BRONZEN;SI;;;;;https://drive.google.com/uc?export=view&id=17dLUiZvVITzcoq3u5I6Yw3UEFMxPe2sA;manijabarralinox.jpg
manija-barral-128mm-negro-brz-9028-n;Manija Barral 128mm Negro;Manijas y Tiradores;;;;;;;1102.50;;;;;;;BRZ-9028-N;;SI;NO;Marca: BRONZEN<br>Código: BRZ-9028-N<br>Producto disponible en Herrajes Darío.;BRONZEN;Manija Barral 128mm Negro | Herrajes Darío;Manija Barral 128mm Negro marca BRONZEN. Código BRZ-9028-N. Consultá disponibilidad en Herrajes Darío.;BRONZEN;SI;;;;;https://drive.google.com/uc?export=view&id=1tkRv7TlWxBUz9y3c-8OVmWhqf7BNim7A;manijabarralinoxngo.jpg
manija-barral-160mm-acero-brillante-brz-9060-a;Manija Barral 160mm Acero Brillante;Manijas y Tiradores;;;;;;;840.00;;;;;;;BRZ-9060-A;;SI;NO;Marca: BRONZEN<br>Código: BRZ-9060-A<br>Producto disponible en Herrajes Darío.;BRONZEN;Manija Barral 160mm Acero Brillante | Herrajes Darío;Manija Barral 160mm Acero Brillante marca BRONZEN. Código BRZ-9060-A. Consultá disponibilidad en Herrajes Darío.;BRONZEN;SI;;;;;https://drive.google.com/uc?export=view&id=17dLUiZvVITzcoq3u5I6Yw3UEFMxPe2sA;manijabarralinox.jpg
manija-barral-160mm-negro-brz-9060-n;Manija Barral 160mm Negro;Manijas y Tiradores;;;;;;;1218.00;;;;;;;BRZ-9060-N;;SI;NO;Marca: BRONZEN<br>Código: BRZ-9060-N<br>Producto disponible en Herrajes Darío.;BRONZEN;Manija Barral 160mm Negro | Herrajes Darío;Manija Barral 160mm Negro marca BRONZEN. Código BRZ-9060-N. Consultá disponibilidad en Herrajes Darío.;BRONZEN;SI;;;;;https://drive.google.com/uc?export=view&id=1tkRv7TlWxBUz9y3c-8OVmWhqf7BNim7A;manijabarralinoxngo.jpg
manija-l-96mm-aluminio-brz-9296;"Manija ""L"" 96mm Aluminio";Manijas y Tiradores;;;;;;;1627.50;;;;;;;BRZ-9296;;SI;NO;Marca: BRONZEN<br>Código: BRZ-9296<br>Producto disponible en Herrajes Darío.;BRONZEN;"Manija ""L"" 96mm Aluminio | Herrajes Darío";"Manija ""L"" 96mm Aluminio marca BRONZEN. Código BRZ-9296. Consultá disponibilidad en Herrajes Darío.";BRONZEN;SI;;;;;https://drive.google.com/uc?export=view&id=1ZUqYhVjCsI-g2Kz3kahRlaBYd7yfaq9q;manijalalum.jpg
manija-l-96mm-negro-brz-9296-n;"Manija ""L"" 96mm Negro";Manijas y Tiradores;;;;;;;1732.50;;;;;;;BRZ-9296-N;;SI;NO;Marca: BRONZEN<br>Código: BRZ-9296-N<br>Producto disponible en Herrajes Darío.;BRONZEN;"Manija ""L"" 96mm Negro | Herrajes Darío";"Manija ""L"" 96mm Negro marca BRONZEN. Código BRZ-9296-N. Consultá disponibilidad en Herrajes Darío.";BRONZEN;SI;;;;;https://drive.google.com/uc?export=view&id=1vkyDio30QBjsUDsdrorNp5hI_5e2QLCo;manijalnga.jpg
manija-l-128mm-aluminio-brz-9228;"Manija ""L"" 128mm Aluminio";Manijas y Tiradores;;;;;;;1890.00;;;;;;;BRZ-9228;;SI;NO;Marca: BRONZEN<br>Código: BRZ-9228<br>Producto disponible en Herrajes Darío.;BRONZEN;"Manija ""L"" 128mm Aluminio | Herrajes Darío";"Manija ""L"" 128mm Aluminio marca BRONZEN. Código BRZ-9228. Consultá disponibilidad en Herrajes Darío.";BRONZEN;SI;;;;;https://drive.google.com/uc?export=view&id=1ZUqYhVjCsI-g2Kz3kahRlaBYd7yfaq9q;manijalalum.jpg
manija-l-128mm-negro-brz-9228-n;"Manija ""L"" 128mm Negro";Manijas y Tiradores;;;;;;;1995.00;;;;;;;BRZ-9228-N;;SI;NO;Marca: BRONZEN<br>Código: BRZ-9228-N<br>Producto disponible en Herrajes Darío.;BRONZEN;"Manija ""L"" 128mm Negro | Herrajes Darío";"Manija ""L"" 128mm Negro marca BRONZEN. Código BRZ-9228-N. Consultá disponibilidad en Herrajes Darío.";BRONZEN;SI;;;;;https://drive.google.com/uc?export=view&id=1vkyDio30QBjsUDsdrorNp5hI_5e2QLCo;manijalnga.jpg
manija-l-160mm-aluminio-brz-9260;"Manija ""L"" 160mm Aluminio";Manijas y Tiradores;;;;;;;2740.50;;;;;;;BRZ-9260;;SI;NO;Marca: BRONZEN<br>Código: BRZ-9260<br>Producto disponible en Herrajes Darío.;BRONZEN;"Manija ""L"" 160mm Aluminio | Herrajes Darío";"Manija ""L"" 160mm Aluminio marca BRONZEN. Código BRZ-9260. Consultá disponibilidad en Herrajes Darío.";BRONZEN;SI;;;;;https://drive.google.com/uc?export=view&id=1ZUqYhVjCsI-g2Kz3kahRlaBYd7yfaq9q;manijalalum.jpg
manija-l-160mm-negro-brz-9260-n;"Manija ""L"" 160mm Negro";Manijas y Tiradores;;;;;;;2740.50;;;;;;;BRZ-9260-N;;SI;NO;Marca: BRONZEN<br>Código: BRZ-9260-N<br>Producto disponible en Herrajes Darío.;BRONZEN;"Manija ""L"" 160mm Negro | Herrajes Darío";"Manija ""L"" 160mm Negro marca BRONZEN. Código BRZ-9260-N. Consultá disponibilidad en Herrajes Darío.";BRONZEN;SI;;;;;https://drive.google.com/uc?export=view&id=1vkyDio30QBjsUDsdrorNp5hI_5e2QLCo;manijalnga.jpg
manija-arco-curvo-96mm-aluminio-brz-9996-m;Manija Arco Curvo 96mm Aluminio;Manijas y Tiradores;;;;;;;1596.00;;;;;;;BRZ-9996-M;;SI;NO;Marca: BRONZEN<br>Código: BRZ-9996-M<br>Producto disponible en Herrajes Darío.;BRONZEN;Manija Arco Curvo 96mm Aluminio | Herrajes Darío;Manija Arco Curvo 96mm Aluminio marca BRONZEN. Código BRZ-9996-M. Consultá disponibilidad en Herrajes Darío.;BRONZEN;SI;;;;;https://drive.google.com/uc?export=view&id=1bwGUk-tggR1qdtsPweJ9PFvAIqSwfDr4;manijaarcocurvoal.jpg
manija-arco-curvo-96mm-negro-brz-9996-n;Manija Arco Curvo 96mm Negro;Manijas y Tiradores;;;;;;;1785.00;;;;;;;BRZ-9996-N;;SI;NO;Marca: BRONZEN<br>Código: BRZ-9996-N<br>Producto disponible en Herrajes Darío.;BRONZEN;Manija Arco Curvo 96mm Negro | Herrajes Darío;Manija Arco Curvo 96mm Negro marca BRONZEN. Código BRZ-9996-N. Consultá disponibilidad en Herrajes Darío.;BRONZEN;SI;;;;;https://drive.google.com/uc?export=view&id=1W94N5xRs3IPgKf3pFpE_WIupVOzbyt2I;manijaarcocurvongo.jpg
manija-arco-curvo-128mm-aluminio-brz-9928-m;Manija Arco Curvo 128mm Aluminio;Manijas y Tiradores;;;;;;;2026.50;;;;;;;BRZ-9928-M;;SI;NO;Marca: BRONZEN<br>Código: BRZ-9928-M<br>Producto disponible en Herrajes Darío.;BRONZEN;Manija Arco Curvo 128mm Aluminio | Herrajes Darío;Manija Arco Curvo 128mm Aluminio marca BRONZEN. Código BRZ-9928-M. Consultá disponibilidad en Herrajes Darío.;BRONZEN;SI;;;;;https://drive.google.com/uc?export=view&id=1bwGUk-tggR1qdtsPweJ9PFvAIqSwfDr4;manijaarcocurvoal.jpg
manija-arco-curvo-128mm-negro-brz-9928-n;Manija Arco Curvo 128mm Negro;Manijas y Tiradores;;;;;;;2100.00;;;;;;;BRZ-9928-N;;SI;NO;Marca: BRONZEN<br>Código: BRZ-9928-N<br>Producto disponible en Herrajes Darío.;BRONZEN;Manija Arco Curvo 128mm Negro | Herrajes Darío;Manija Arco Curvo 128mm Negro marca BRONZEN. Código BRZ-9928-N. Consultá disponibilidad en Herrajes Darío.;BRONZEN;SI;;;;;https://drive.google.com/uc?export=view&id=1W94N5xRs3IPgKf3pFpE_WIupVOzbyt2I;manijaarcocurvongo.jpg
manija-arco-curvo-160mm-aluminio-brz-9960-m;Manija Arco Curvo 160mm Aluminio;Manijas y Tiradores;;;;;;;2467.50;;;;;;;BRZ-9960-M;;SI;NO;Marca: BRONZEN<br>Código: BRZ-9960-M<br>Producto disponible en Herrajes Darío.;BRONZEN;Manija Arco Curvo 160mm Aluminio | Herrajes Darío;Manija Arco Curvo 160mm Aluminio marca BRONZEN. Código BRZ-9960-M. Consultá disponibilidad en Herrajes Darío.;BRONZEN;SI;;;;;https://drive.google.com/uc?export=view&id=1bwGUk-tggR1qdtsPweJ9PFvAIqSwfDr4;manijaarcocurvoal.jpg
manija-arco-curvo-160mm-negro-brz-9960-n;Manija Arco Curvo 160mm Negro;Manijas y Tiradores;;;;;;;2572.50;;;;;;;BRZ-9960-N;;SI;NO;Marca: BRONZEN<br>Código: BRZ-9960-N<br>Producto disponible en Herrajes Darío.;BRONZEN;Manija Arco Curvo 160mm Negro | Herrajes Darío;Manija Arco Curvo 160mm Negro marca BRONZEN. Código BRZ-9960-N. Consultá disponibilidad en Herrajes Darío.;BRONZEN;SI;;;;;https://drive.google.com/uc?export=view&id=1W94N5xRs3IPgKf3pFpE_WIupVOzbyt2I;manijaarcocurvongo.jpg
piston-a-gas-60-n-p10-60;Piston a gas 60 N;Pistones a Gas;;;;;;;1260.00;;;;;;;P10-60;;SI;NO;Marca: BRONZEN<br>Código: P10-60<br>Producto disponible en Herrajes Darío.;BRONZEN;Piston a gas 60 N | Herrajes Darío;Piston a gas 60 N marca BRONZEN. Código P10-60. Consultá disponibilidad en Herrajes Darío.;BRONZEN;SI;;;;;;
piston-a-gas-80-n-p10-80;Piston A gas 80 N;Pistones a Gas;;;;;;;1260.00;;;;;;;P10-80;;SI;NO;Marca: BRONZEN<br>Código: P10-80<br>Producto disponible en Herrajes Darío.;BRONZEN;Piston A gas 80 N | Herrajes Darío;Piston A gas 80 N marca BRONZEN. Código P10-80. Consultá disponibilidad en Herrajes Darío.;BRONZEN;SI;;;;;;
piston-a-gas-100-n-p10-100;Piston a gas 100 N;Pistones a Gas;;;;;;;1260.00;;;;;;;P10-100;;SI;NO;Marca: BRONZEN<br>Código: P10-100<br>Producto disponible en Herrajes Darío.;BRONZEN;Piston a gas 100 N | Herrajes Darío;Piston a gas 100 N marca BRONZEN. Código P10-100. Consultá disponibilidad en Herrajes Darío.;BRONZEN;SI;;;;;;
piston-a-gas-120-n-p10-120;Piston A gas 120 N;Pistones a Gas;;;;;;;1260.00;;;;;;;P10-120;;SI;NO;Marca: BRONZEN<br>Código: P10-120<br>Producto disponible en Herrajes Darío.;BRONZEN;Piston A gas 120 N | Herrajes Darío;Piston A gas 120 N marca BRONZEN. Código P10-120. Consultá disponibilidad en Herrajes Darío.;BRONZEN;SI;;;;;;
piston-a-gas-150-n-p10-150;Piston a gas 150 N;Pistones a Gas;;;;;;;1260.00;;;;;;;P10-150;;SI;NO;Marca: BRONZEN<br>Código: P10-150<br>Producto disponible en Herrajes Darío.;BRONZEN;Piston a gas 150 N | Herrajes Darío;Piston a gas 150 N marca BRONZEN. Código P10-150. Consultá disponibilidad en Herrajes Darío.;BRONZEN;SI;;;;;;
piston-a-gas-60-n-pc-60;Piston a gas 60 N;Pistones a Gas;;;;;;;1942.50;;;;;;;PC-60;;SI;NO;Marca: Grupo Euro<br>Código: PC-60<br>Producto disponible en Herrajes Darío.;Grupo Euro;Piston a gas 60 N | Herrajes Darío;Piston a gas 60 N marca Grupo Euro. Código PC-60. Consultá disponibilidad en Herrajes Darío.;Grupo Euro;SI;;;;;https://drive.google.com/uc?export=view&id=1JDFPd9FwtttwpIu9A7uymoaulUIrvZLU;ESQ_P100_01.jpg
piston-a-gas-80-n-pc80;Piston A gas 80 N;Pistones a Gas;;;;;;;1942.50;;;;;;;PC80;;SI;NO;Marca: Grupo Euro<br>Código: PC80<br>Producto disponible en Herrajes Darío.;Grupo Euro;Piston A gas 80 N | Herrajes Darío;Piston A gas 80 N marca Grupo Euro. Código PC80. Consultá disponibilidad en Herrajes Darío.;Grupo Euro;SI;;;;;https://drive.google.com/uc?export=view&id=1JDFPd9FwtttwpIu9A7uymoaulUIrvZLU;ESQ_P100_01.jpg
piston-a-gas-100-n-pc100;Piston a gas 100 N;Pistones a Gas;;;;;;;1942.50;;;;;;;PC100;;SI;NO;Marca: Grupo Euro<br>Código: PC100<br>Producto disponible en Herrajes Darío.;Grupo Euro;Piston a gas 100 N | Herrajes Darío;Piston a gas 100 N marca Grupo Euro. Código PC100. Consultá disponibilidad en Herrajes Darío.;Grupo Euro;SI;;;;;https://drive.google.com/uc?export=view&id=1JDFPd9FwtttwpIu9A7uymoaulUIrvZLU;ESQ_P100_01.jpg
piston-a-gas-120-n-pc120;Piston A gas 120 N;Pistones a Gas;;;;;;;1942.50;;;;;;;PC120;;SI;NO;Marca: Grupo Euro<br>Código: PC120<br>Producto disponible en Herrajes Darío.;Grupo Euro;Piston A gas 120 N | Herrajes Darío;Piston A gas 120 N marca Grupo Euro. Código PC120. Consultá disponibilidad en Herrajes Darío.;Grupo Euro;SI;;;;;https://drive.google.com/uc?export=view&id=1JDFPd9FwtttwpIu9A7uymoaulUIrvZLU;ESQ_P100_01.jpg
piston-a-gas-150-n-pc150;Piston a gas 150 N;Pistones a Gas;;;;;;;1942.50;;;;;;;PC150;;SI;NO;Marca: Grupo Euro<br>Código: PC150<br>Producto disponible en Herrajes Darío.;Grupo Euro;Piston a gas 150 N | Herrajes Darío;Piston a gas 150 N marca Grupo Euro. Código PC150. Consultá disponibilidad en Herrajes Darío.;Grupo Euro;SI;;;;;https://drive.google.com/uc?export=view&id=1JDFPd9FwtttwpIu9A7uymoaulUIrvZLU;ESQ_P100_01.jpg
piston-a-gas-60-n-cierre-suave-ps60;Piston a gas 60 N Cierre Suave;Pistones a Gas;;;;;;;4200.00;;;;;;;PS60;;SI;NO;Marca: Grupo Euro<br>Código: PS60<br>Producto disponible en Herrajes Darío.;Grupo Euro;Piston a gas 60 N Cierre Suave | Herrajes Darío;Piston a gas 60 N Cierre Suave marca Grupo Euro. Código PS60. Consultá disponibilidad en Herrajes Darío.;Grupo Euro;SI;;;;;https://drive.google.com/uc?export=view&id=1JDFPd9FwtttwpIu9A7uymoaulUIrvZLU;ESQ_P100_01.jpg
piston-a-gas-80-n-cierre-suave-ps80;Piston a gas 80 N Cierre Suave;Pistones a Gas;;;;;;;4200.00;;;;;;;PS80;;SI;NO;Marca: Grupo Euro<br>Código: PS80<br>Producto disponible en Herrajes Darío.;Grupo Euro;Piston a gas 80 N Cierre Suave | Herrajes Darío;Piston a gas 80 N Cierre Suave marca Grupo Euro. Código PS80. Consultá disponibilidad en Herrajes Darío.;Grupo Euro;SI;;;;;https://drive.google.com/uc?export=view&id=1JDFPd9FwtttwpIu9A7uymoaulUIrvZLU;ESQ_P100_01.jpg
piston-a-gas-100-n-cierre-suave-ps100;Piston a gas 100 N Cierre Suave;Pistones a Gas;;;;;;;4200.00;;;;;;;PS100;;SI;NO;Marca: Grupo Euro<br>Código: PS100<br>Producto disponible en Herrajes Darío.;Grupo Euro;Piston a gas 100 N Cierre Suave | Herrajes Darío;Piston a gas 100 N Cierre Suave marca Grupo Euro. Código PS100. Consultá disponibilidad en Herrajes Darío.;Grupo Euro;SI;;;;;https://drive.google.com/uc?export=view&id=1JDFPd9FwtttwpIu9A7uymoaulUIrvZLU;ESQ_P100_01.jpg
piston-a-gas-120-n-cierre-suave-ps120;Piston a gas 120 N Cierre Suave;Pistones a Gas;;;;;;;4200.00;;;;;;;PS120;;SI;NO;Marca: Grupo Euro<br>Código: PS120<br>Producto disponible en Herrajes Darío.;Grupo Euro;Piston a gas 120 N Cierre Suave | Herrajes Darío;Piston a gas 120 N Cierre Suave marca Grupo Euro. Código PS120. Consultá disponibilidad en Herrajes Darío.;Grupo Euro;SI;;;;;https://drive.google.com/uc?export=view&id=1JDFPd9FwtttwpIu9A7uymoaulUIrvZLU;ESQ_P100_01.jpg
piston-a-gas-150-n-cierre-suave-ps150;Piston a gas 150 N Cierre Suave;Pistones a Gas;;;;;;;4200.00;;;;;;;PS150;;SI;NO;Marca: Grupo Euro<br>Código: PS150<br>Producto disponible en Herrajes Darío.;Grupo Euro;Piston a gas 150 N Cierre Suave | Herrajes Darío;Piston a gas 150 N Cierre Suave marca Grupo Euro. Código PS150. Consultá disponibilidad en Herrajes Darío.;Grupo Euro;SI;;;;;https://drive.google.com/uc?export=view&id=1JDFPd9FwtttwpIu9A7uymoaulUIrvZLU;ESQ_P100_01.jpg
piston-a-gas-60-n-cierre-suave-373-82-301;Piston a gas 60 N Cierre Suave;Pistones a Gas;;;;;;;6090.00;;;;;;;373.82.301;;SI;NO;Marca: HAFELE<br>Código: 373.82.301<br>Producto disponible en Herrajes Darío.;HAFELE;Piston a gas 60 N Cierre Suave | Herrajes Darío;Piston a gas 60 N Cierre Suave marca HAFELE. Código 373.82.301. Consultá disponibilidad en Herrajes Darío.;HAFELE;SI;;;;;https://drive.google.com/uc?export=view&id=1oq2uempefGcI-3Nv_CttXVa9tmzvL0--;piston.jpg
piston-a-gas-80-n-cierre-suave-373-82-802;Piston A gas 80 N Cierre Suave;Pistones a Gas;;;;;;;6090.00;;;;;;;373.82.802;;SI;NO;Marca: HAFELE<br>Código: 373.82.802<br>Producto disponible en Herrajes Darío.;HAFELE;Piston A gas 80 N Cierre Suave | Herrajes Darío;Piston A gas 80 N Cierre Suave marca HAFELE. Código 373.82.802. Consultá disponibilidad en Herrajes Darío.;HAFELE;SI;;;;;https://drive.google.com/uc?export=view&id=1oq2uempefGcI-3Nv_CttXVa9tmzvL0--;piston.jpg
piston-a-gas-100-n-cierre-suave-373-82-803;Piston a gas 100 N Cierre Suave;Pistones a Gas;;;;;;;6090.00;;;;;;;373.82.803;;SI;NO;Marca: HAFELE<br>Código: 373.82.803<br>Producto disponible en Herrajes Darío.;HAFELE;Piston a gas 100 N Cierre Suave | Herrajes Darío;Piston a gas 100 N Cierre Suave marca HAFELE. Código 373.82.803. Consultá disponibilidad en Herrajes Darío.;HAFELE;SI;;;;;https://drive.google.com/uc?export=view&id=1oq2uempefGcI-3Nv_CttXVa9tmzvL0--;piston.jpg
piston-a-gas-120-n-cierre-suave-373-82-804;Piston A gas 120 N Cierre Suave;Pistones a Gas;;;;;;;6090.00;;;;;;;373.82.804;;SI;NO;Marca: HAFELE<br>Código: 373.82.804<br>Producto disponible en Herrajes Darío.;HAFELE;Piston A gas 120 N Cierre Suave | Herrajes Darío;Piston A gas 120 N Cierre Suave marca HAFELE. Código 373.82.804. Consultá disponibilidad en Herrajes Darío.;HAFELE;SI;;;;;https://drive.google.com/uc?export=view&id=1GMUwtF5rhjiNXP3L5uzXsZlg_vd9AEEZ;Piston2.jpg
piston-a-gas-150-n-cierre-suave-373-82-305;Piston a gas 150 N Cierre Suave;Pistones a Gas;;;;;;;6090.00;;;;;;;373.82.305;;SI;NO;Marca: HAFELE<br>Código: 373.82.305<br>Producto disponible en Herrajes Darío.;HAFELE;Piston a gas 150 N Cierre Suave | Herrajes Darío;Piston a gas 150 N Cierre Suave marca HAFELE. Código 373.82.305. Consultá disponibilidad en Herrajes Darío.;HAFELE;SI;;;;;https://drive.google.com/uc?export=view&id=1GMUwtF5rhjiNXP3L5uzXsZlg_vd9AEEZ;Piston2.jpg
cubiertero-pvc-315x485-blanco-lc-1315-b;Cubiertero PVC 315X485 Blanco;Accesorios de Cocina;;;;;;;10395.00;;;;;;;LC-1315-B;;SI;NO;Marca: BRONZEN<br>Código: LC-1315-B<br>Producto disponible en Herrajes Darío.;BRONZEN;Cubiertero PVC 315X485 Blanco | Herrajes Darío;Cubiertero PVC 315X485 Blanco marca BRONZEN. Código LC-1315-B. Consultá disponibilidad en Herrajes Darío.;BRONZEN;SI;;;;;https://drive.google.com/uc?export=view&id=1TLI56oX2AZtav7H5rCDN0L9Bv1Xkeogn;cubblanco.jpg
cubiertero-pvc-315x485-gris-lc-1315-g;Cubiertero PVC 315X485 Gris;Accesorios de Cocina;;;;;;;10395.00;;;;;;;LC-1315-G;;SI;NO;Marca: BRONZEN<br>Código: LC-1315-G<br>Producto disponible en Herrajes Darío.;BRONZEN;Cubiertero PVC 315X485 Gris | Herrajes Darío;Cubiertero PVC 315X485 Gris marca BRONZEN. Código LC-1315-G. Consultá disponibilidad en Herrajes Darío.;BRONZEN;SI;;;;;https://drive.google.com/uc?export=view&id=195kjg0Ew8c7V1mKBsXIqNChsQiclaU7Z;cubgris.jpg
cubiertero-pvc-390x485-blanco-lc-1390-b;Cubiertero PVC 390X485 Blanco;Accesorios de Cocina;;;;;;;12180.00;;;;;;;LC-1390-B;;SI;NO;Marca: BRONZEN<br>Código: LC-1390-B<br>Producto disponible en Herrajes Darío.;BRONZEN;Cubiertero PVC 390X485 Blanco | Herrajes Darío;Cubiertero PVC 390X485 Blanco marca BRONZEN. Código LC-1390-B. Consultá disponibilidad en Herrajes Darío.;BRONZEN;SI;;;;;https://drive.google.com/uc?export=view&id=1TLI56oX2AZtav7H5rCDN0L9Bv1Xkeogn;cubblanco.jpg
cubiertero-pvc-390x485-gris-lc-1390-g;Cubiertero PVC 390X485 Gris;Accesorios de Cocina;;;;;;;12180.00;;;;;;;LC-1390-G;;SI;NO;Marca: BRONZEN<br>Código: LC-1390-G<br>Producto disponible en Herrajes Darío.;BRONZEN;Cubiertero PVC 390X485 Gris | Herrajes Darío;Cubiertero PVC 390X485 Gris marca BRONZEN. Código LC-1390-G. Consultá disponibilidad en Herrajes Darío.;BRONZEN;SI;;;;;https://drive.google.com/uc?export=view&id=195kjg0Ew8c7V1mKBsXIqNChsQiclaU7Z;cubgris.jpg
cubiertero-pvc-435x485-blanco-lc-1435-b;Cubiertero PVC 435X485 Blanco;Accesorios de Cocina;;;;;;;1365.00;;;;;;;LC-1435-B;;SI;NO;Marca: BRONZEN<br>Código: LC-1435-B<br>Producto disponible en Herrajes Darío.;BRONZEN;Cubiertero PVC 435X485 Blanco | Herrajes Darío;Cubiertero PVC 435X485 Blanco marca BRONZEN. Código LC-1435-B. Consultá disponibilidad en Herrajes Darío.;BRONZEN;SI;;;;;https://drive.google.com/uc?export=view&id=1TLI56oX2AZtav7H5rCDN0L9Bv1Xkeogn;cubblanco.jpg
cubiertero-pvc-435x485-gris-lc-1435-g;Cubiertero PVC 435X485 Gris;Accesorios de Cocina;;;;;;;1365.00;;;;;;;LC-1435-G;;SI;NO;Marca: BRONZEN<br>Código: LC-1435-G<br>Producto disponible en Herrajes Darío.;BRONZEN;Cubiertero PVC 435X485 Gris | Herrajes Darío;Cubiertero PVC 435X485 Gris marca BRONZEN. Código LC-1435-G. Consultá disponibilidad en Herrajes Darío.;BRONZEN;SI;;;;;https://drive.google.com/uc?export=view&id=195kjg0Ew8c7V1mKBsXIqNChsQiclaU7Z;cubgris.jpg
cubiertero-pvc-540x485-blanco-lc-1540-b;Cubiertero PVC 540X485 Blanco;Accesorios de Cocina;;;;;;;15540.00;;;;;;;LC-1540-B;;SI;NO;Marca: BRONZEN<br>Código: LC-1540-B<br>Producto disponible en Herrajes Darío.;BRONZEN;Cubiertero PVC 540X485 Blanco | Herrajes Darío;Cubiertero PVC 540X485 Blanco marca BRONZEN. Código LC-1540-B. Consultá disponibilidad en Herrajes Darío.;BRONZEN;SI;;;;;https://drive.google.com/uc?export=view&id=1TLI56oX2AZtav7H5rCDN0L9Bv1Xkeogn;cubblanco.jpg
cubiertero-pvc-540x485-gris-lc-1540-g;Cubiertero PVC 540X485 Gris;Accesorios de Cocina;;;;;;;15540.00;;;;;;;LC-1540-G;;SI;NO;Marca: BRONZEN<br>Código: LC-1540-G<br>Producto disponible en Herrajes Darío.;BRONZEN;Cubiertero PVC 540X485 Gris | Herrajes Darío;Cubiertero PVC 540X485 Gris marca BRONZEN. Código LC-1540-G. Consultá disponibilidad en Herrajes Darío.;BRONZEN;SI;;;;;https://drive.google.com/uc?export=view&id=195kjg0Ew8c7V1mKBsXIqNChsQiclaU7Z;cubgris.jpg
cubiertero-pvc-635x485-blanco-lc-1635-b;Cubiertero PVC 635X485 Blanco;Accesorios de Cocina;;;;;;;17640.00;;;;;;;LC-1635-B;;SI;NO;Marca: BRONZEN<br>Código: LC-1635-B<br>Producto disponible en Herrajes Darío.;BRONZEN;Cubiertero PVC 635X485 Blanco | Herrajes Darío;Cubiertero PVC 635X485 Blanco marca BRONZEN. Código LC-1635-B. Consultá disponibilidad en Herrajes Darío.;BRONZEN;SI;;;;;https://drive.google.com/uc?export=view&id=1TLI56oX2AZtav7H5rCDN0L9Bv1Xkeogn;cubblanco.jpg
cubiertero-pvc-635x485-gris-lc-1635-g;Cubiertero PVC 635X485 Gris;Accesorios de Cocina;;;;;;;17640.00;;;;;;;LC-1635-G;;SI;NO;Marca: BRONZEN<br>Código: LC-1635-G<br>Producto disponible en Herrajes Darío.;BRONZEN;Cubiertero PVC 635X485 Gris | Herrajes Darío;Cubiertero PVC 635X485 Gris marca BRONZEN. Código LC-1635-G. Consultá disponibilidad en Herrajes Darío.;BRONZEN;SI;;;;;https://drive.google.com/uc?export=view&id=195kjg0Ew8c7V1mKBsXIqNChsQiclaU7Z;cubgris.jpg
cubiertero-pvc-735x485-blanco-lc-1735-b;Cubiertero PVC 735X485 Blanco;Accesorios de Cocina;;;;;;;20580.00;;;;;;;LC-1735-B;;SI;NO;Marca: BRONZEN<br>Código: LC-1735-B<br>Producto disponible en Herrajes Darío.;BRONZEN;Cubiertero PVC 735X485 Blanco | Herrajes Darío;Cubiertero PVC 735X485 Blanco marca BRONZEN. Código LC-1735-B. Consultá disponibilidad en Herrajes Darío.;BRONZEN;SI;;;;;https://drive.google.com/uc?export=view&id=1TLI56oX2AZtav7H5rCDN0L9Bv1Xkeogn;cubblanco.jpg
cubiertero-pvc-735x485-gris-lc-1735-g;Cubiertero PVC 735X485 Gris;Accesorios de Cocina;;;;;;;20580.00;;;;;;;LC-1735-G;;SI;NO;Marca: BRONZEN<br>Código: LC-1735-G<br>Producto disponible en Herrajes Darío.;BRONZEN;Cubiertero PVC 735X485 Gris | Herrajes Darío;Cubiertero PVC 735X485 Gris marca BRONZEN. Código LC-1735-G. Consultá disponibilidad en Herrajes Darío.;BRONZEN;SI;;;;;https://drive.google.com/uc?export=view&id=195kjg0Ew8c7V1mKBsXIqNChsQiclaU7Z;cubgris.jpg
cubiertero-pvc-835x485-blanco-lc-1830-b;Cubiertero PVC 835X485 Blanco;Accesorios de Cocina;;;;;;;25620.00;;;;;;;LC-1830-B;;SI;NO;Marca: BRONZEN<br>Código: LC-1830-B<br>Producto disponible en Herrajes Darío.;BRONZEN;Cubiertero PVC 835X485 Blanco | Herrajes Darío;Cubiertero PVC 835X485 Blanco marca BRONZEN. Código LC-1830-B. Consultá disponibilidad en Herrajes Darío.;BRONZEN;SI;;;;;https://drive.google.com/uc?export=view&id=1TLI56oX2AZtav7H5rCDN0L9Bv1Xkeogn;cubblanco.jpg
cubiertero-pvc-835x485-gris-lc-1830-g;Cubiertero PVC 835X485 Gris;Accesorios de Cocina;;;;;;;25620.00;;;;;;;LC-1830-G;;SI;NO;Marca: BRONZEN<br>Código: LC-1830-G<br>Producto disponible en Herrajes Darío.;BRONZEN;Cubiertero PVC 835X485 Gris | Herrajes Darío;Cubiertero PVC 835X485 Gris marca BRONZEN. Código LC-1830-G. Consultá disponibilidad en Herrajes Darío.;BRONZEN;SI;;;;;https://drive.google.com/uc?export=view&id=195kjg0Ew8c7V1mKBsXIqNChsQiclaU7Z;cubgris.jpg
cubiertero-pvc-240x490-blanco-556-62-621;Cubiertero PVC 240X490 Blanco;Accesorios de Cocina;;;;;;;28665.00;;;;;;;556.62.621;;SI;NO;Marca: HAFELE<br>Código: 556.62.621<br>Producto disponible en Herrajes Darío.;HAFELE;Cubiertero PVC 240X490 Blanco | Herrajes Darío;Cubiertero PVC 240X490 Blanco marca HAFELE. Código 556.62.621. Consultá disponibilidad en Herrajes Darío.;HAFELE;SI;;;;;https://drive.google.com/uc?export=view&id=1dkrvCFwUQJyHVaAHcyAwFXbBGpGzFcp1;cubblanco.jpg
cubiertero-pvc-290x490-blanco-556-62-622;Cubiertero PVC 290X490 Blanco;Accesorios de Cocina;;;;;;;33810.00;;;;;;;556.62.622;;SI;NO;Marca: HAFELE<br>Código: 556.62.622<br>Producto disponible en Herrajes Darío.;HAFELE;Cubiertero PVC 290X490 Blanco | Herrajes Darío;Cubiertero PVC 290X490 Blanco marca HAFELE. Código 556.62.622. Consultá disponibilidad en Herrajes Darío.;HAFELE;SI;;;;;https://drive.google.com/uc?export=view&id=1dkrvCFwUQJyHVaAHcyAwFXbBGpGzFcp1;cubblanco.jpg
cubiertero-pvc-340x490-blanco-556-62-623;Cubiertero PVC 340X490 Blanco;Accesorios de Cocina;;;;;;;34125.00;;;;;;;556.62.623;;SI;NO;Marca: HAFELE<br>Código: 556.62.623<br>Producto disponible en Herrajes Darío.;HAFELE;Cubiertero PVC 340X490 Blanco | Herrajes Darío;Cubiertero PVC 340X490 Blanco marca HAFELE. Código 556.62.623. Consultá disponibilidad en Herrajes Darío.;HAFELE;SI;;;;;https://drive.google.com/uc?export=view&id=1dkrvCFwUQJyHVaAHcyAwFXbBGpGzFcp1;cubblanco.jpg
cubiertero-pvc-390x490-blanco-556-62-624;Cubiertero PVC 390x490 Blanco;Accesorios de Cocina;;;;;;;37117.50;;;;;;;556.62.624;;SI;NO;Marca: HAFELE<br>Código: 556.62.624<br>Producto disponible en Herrajes Darío.;HAFELE;Cubiertero PVC 390x490 Blanco | Herrajes Darío;Cubiertero PVC 390x490 Blanco marca HAFELE. Código 556.62.624. Consultá disponibilidad en Herrajes Darío.;HAFELE;SI;;;;;https://drive.google.com/uc?export=view&id=1dkrvCFwUQJyHVaAHcyAwFXbBGpGzFcp1;cubblanco.jpg
cubiertero-pvc-440x490-blanco-556-62-625;Cubiertero PVC 440x490 Blanco;Accesorios de Cocina;;;;;;;39375.00;;;;;;;556.62.625;;SI;NO;Marca: HAFELE<br>Código: 556.62.625<br>Producto disponible en Herrajes Darío.;HAFELE;Cubiertero PVC 440x490 Blanco | Herrajes Darío;Cubiertero PVC 440x490 Blanco marca HAFELE. Código 556.62.625. Consultá disponibilidad en Herrajes Darío.;HAFELE;SI;;;;;https://drive.google.com/uc?export=view&id=1dkrvCFwUQJyHVaAHcyAwFXbBGpGzFcp1;cubblanco.jpg
cubiertero-pvc-490x490-blanco-556-62-626;Cubiertero PVC 490x490 Blanco;Accesorios de Cocina;;;;;;;44940.00;;;;;;;556.62.626;;SI;NO;Marca: HAFELE<br>Código: 556.62.626<br>Producto disponible en Herrajes Darío.;HAFELE;Cubiertero PVC 490x490 Blanco | Herrajes Darío;Cubiertero PVC 490x490 Blanco marca HAFELE. Código 556.62.626. Consultá disponibilidad en Herrajes Darío.;HAFELE;SI;;;;;https://drive.google.com/uc?export=view&id=1dkrvCFwUQJyHVaAHcyAwFXbBGpGzFcp1;cubblanco.jpg
cubiertero-pvc-540x490-blanco-556-62-627;Cubiertero PVC 540x490 Blanco;Accesorios de Cocina;;;;;;;45990.00;;;;;;;556.62.627;;SI;NO;Marca: HAFELE<br>Código: 556.62.627<br>Producto disponible en Herrajes Darío.;HAFELE;Cubiertero PVC 540x490 Blanco | Herrajes Darío;Cubiertero PVC 540x490 Blanco marca HAFELE. Código 556.62.627. Consultá disponibilidad en Herrajes Darío.;HAFELE;SI;;;;;https://drive.google.com/uc?export=view&id=1dkrvCFwUQJyHVaAHcyAwFXbBGpGzFcp1;cubblanco.jpg
cubiertero-pvc-840x490-blanco-556-62-630;Cubiertero PVC 840X490 Blanco;Accesorios de Cocina;;;;;;;90037.50;;;;;;;556.62.630;;SI;NO;Marca: HAFELE<br>Código: 556.62.630<br>Producto disponible en Herrajes Darío.;HAFELE;Cubiertero PVC 840X490 Blanco | Herrajes Darío;Cubiertero PVC 840X490 Blanco marca HAFELE. Código 556.62.630. Consultá disponibilidad en Herrajes Darío.;HAFELE;SI;;;;;https://drive.google.com/uc?export=view&id=1dkrvCFwUQJyHVaAHcyAwFXbBGpGzFcp1;cubblanco.jpg
tornillo-hospa-ph2-galv-3-5x17mm-1000-unidades-015-30-085;Tornillo Hospa PH2. Galv 3,5x17mm (1000 unidades);Hogar y Obra;;;;;;;18007.50;;;;;;;015.30.085;;SI;NO;Marca: HAFELE<br>Código: 015.30.085<br>Producto disponible en Herrajes Darío.;HAFELE;Tornillo Hospa PH2. Galv 3,5x17mm (1000 unidades) | Herrajes Darío;Tornillo Hospa PH2. Galv 3,5x17mm (1000 unidades) marca HAFELE. Código 015.30.085. Consultá disponibilidad en Herrajes Darío.;HAFELE;SI;;;;;https://drive.google.com/uc?export=view&id=1--FY5meuiCshYSxCAyj6BcDZlShYrSO7;Tornillozinc.jpg
tornillo-hospa-ph2-galv-3-5x30mm-1000-unidades-015-30-091;Tornillo Hospa PH2. Galv 3,5x30mm (1000 unidades);Hogar y Obra;;;;;;;23887.50;;;;;;;015.30.091;;SI;NO;Marca: HAFELE<br>Código: 015.30.091<br>Producto disponible en Herrajes Darío.;HAFELE;Tornillo Hospa PH2. Galv 3,5x30mm (1000 unidades) | Herrajes Darío;Tornillo Hospa PH2. Galv 3,5x30mm (1000 unidades) marca HAFELE. Código 015.30.091. Consultá disponibilidad en Herrajes Darío.;HAFELE;SI;;;;;https://drive.google.com/uc?export=view&id=1--FY5meuiCshYSxCAyj6BcDZlShYrSO7;Tornillozinc.jpg
tornillo-hospa-ph2-galv-3-5x35mm-1000-unidades-015-31-093;Tornillo Hospa PH2. Galv 3,5x35mm (1000 unidades);Hogar y Obra;;;;;;;26355.00;;;;;;;015.31.093;;SI;NO;Marca: HAFELE<br>Código: 015.31.093<br>Producto disponible en Herrajes Darío.;HAFELE;Tornillo Hospa PH2. Galv 3,5x35mm (1000 unidades) | Herrajes Darío;Tornillo Hospa PH2. Galv 3,5x35mm (1000 unidades) marca HAFELE. Código 015.31.093. Consultá disponibilidad en Herrajes Darío.;HAFELE;SI;;;;;https://drive.google.com/uc?export=view&id=1--FY5meuiCshYSxCAyj6BcDZlShYrSO7;Tornillozinc.jpg
tornillo-hospa-ph2-galv-3-5x40mm-500-unidades-015-31-094;Tornillo Hospa PH2. Galv 3,5x40mm (500 unidades);Hogar y Obra;;;;;;;16065.00;;;;;;;015.31.094;;SI;NO;Marca: HAFELE<br>Código: 015.31.094<br>Producto disponible en Herrajes Darío.;HAFELE;Tornillo Hospa PH2. Galv 3,5x40mm (500 unidades) | Herrajes Darío;Tornillo Hospa PH2. Galv 3,5x40mm (500 unidades) marca HAFELE. Código 015.31.094. Consultá disponibilidad en Herrajes Darío.;HAFELE;SI;;;;;https://drive.google.com/uc?export=view&id=1--FY5meuiCshYSxCAyj6BcDZlShYrSO7;Tornillozinc.jpg
tornillo-hospa-ph2-galv-3-5x45mm-500-unidades-015-31-095;Tornillo Hospa PH2. Galv 3,5x45mm (500 unidades);Hogar y Obra;;;;;;;16800.00;;;;;;;015.31.095;;SI;NO;Marca: HAFELE<br>Código: 015.31.095<br>Producto disponible en Herrajes Darío.;HAFELE;Tornillo Hospa PH2. Galv 3,5x45mm (500 unidades) | Herrajes Darío;Tornillo Hospa PH2. Galv 3,5x45mm (500 unidades) marca HAFELE. Código 015.31.095. Consultá disponibilidad en Herrajes Darío.;HAFELE;SI;;;;;https://drive.google.com/uc?export=view&id=1--FY5meuiCshYSxCAyj6BcDZlShYrSO7;Tornillozinc.jpg
tornillo-hospa-ph2-galv-3-5x50mm-500-unidades-015-31-096;Tornillo Hospa PH2. Galv 3,5x50mm (500 unidades);Hogar y Obra;;;;;;;18795.00;;;;;;;015.31.096;;SI;NO;Marca: HAFELE<br>Código: 015.31.096<br>Producto disponible en Herrajes Darío.;HAFELE;Tornillo Hospa PH2. Galv 3,5x50mm (500 unidades) | Herrajes Darío;Tornillo Hospa PH2. Galv 3,5x50mm (500 unidades) marca HAFELE. Código 015.31.096. Consultá disponibilidad en Herrajes Darío.;HAFELE;SI;;;;;https://drive.google.com/uc?export=view&id=1--FY5meuiCshYSxCAyj6BcDZlShYrSO7;Tornillozinc.jpg
tornillo-drywall-negro-3-5x17mm-1000-unidades-015-97-030;Tornillo Drywall Negro 3,5x17mm (1000 unidades);Hogar y Obra;;;;;;;19950.00;;;;;;;015.97.030;;SI;NO;Marca: HAFELE<br>Código: 015.97.030<br>Producto disponible en Herrajes Darío.;HAFELE;Tornillo Drywall Negro 3,5x17mm (1000 unidades) | Herrajes Darío;Tornillo Drywall Negro 3,5x17mm (1000 unidades) marca HAFELE. Código 015.97.030. Consultá disponibilidad en Herrajes Darío.;HAFELE;SI;;;;;https://drive.google.com/uc?export=view&id=11E53LKnuMOZDXEck9lICsuXekzINERy1;TornilloNgo.jpg
tornillo-drywall-negro-3-5x20mm-1000-unidades-015-97-032;Tornillo Drywall Negro 3,5x20mm (1000 unidades);Hogar y Obra;;;;;;;21000.00;;;;;;;015.97.032;;SI;NO;Marca: HAFELE<br>Código: 015.97.032<br>Producto disponible en Herrajes Darío.;HAFELE;Tornillo Drywall Negro 3,5x20mm (1000 unidades) | Herrajes Darío;Tornillo Drywall Negro 3,5x20mm (1000 unidades) marca HAFELE. Código 015.97.032. Consultá disponibilidad en Herrajes Darío.;HAFELE;SI;;;;;https://drive.google.com/uc?export=view&id=11E53LKnuMOZDXEck9lICsuXekzINERy1;TornilloNgo.jpg
tornillo-drywall-negro-3-5x25mm-1000-unidades-015-97-033;Tornillo Drywall Negro 3,5x25mm (1000 unidades);Hogar y Obra;;;;;;;23940.00;;;;;;;015.97.033;;SI;NO;Marca: HAFELE<br>Código: 015.97.033<br>Producto disponible en Herrajes Darío.;HAFELE;Tornillo Drywall Negro 3,5x25mm (1000 unidades) | Herrajes Darío;Tornillo Drywall Negro 3,5x25mm (1000 unidades) marca HAFELE. Código 015.97.033. Consultá disponibilidad en Herrajes Darío.;HAFELE;SI;;;;;https://drive.google.com/uc?export=view&id=11E53LKnuMOZDXEck9lICsuXekzINERy1;TornilloNgo.jpg
tornillo-drywall-negro-3-5x30mm-1000-unidades-015-97-034;Tornillo Drywall Negro 3,5x30mm (1000 unidades);Hogar y Obra;;;;;;;27825.00;;;;;;;015.97.034;;SI;NO;Marca: HAFELE<br>Código: 015.97.034<br>Producto disponible en Herrajes Darío.;HAFELE;Tornillo Drywall Negro 3,5x30mm (1000 unidades) | Herrajes Darío;Tornillo Drywall Negro 3,5x30mm (1000 unidades) marca HAFELE. Código 015.97.034. Consultá disponibilidad en Herrajes Darío.;HAFELE;SI;;;;;https://drive.google.com/uc?export=view&id=11E53LKnuMOZDXEck9lICsuXekzINERy1;TornilloNgo.jpg
tornillo-drywall-negro-3-5x40mm-1000-unidades-015-97-036;Tornillo Drywall Negro 3,5x40mm (1000 unidades);Hogar y Obra;;;;;;;17850.00;;;;;;;015.97.036;;SI;NO;Marca: HAFELE<br>Código: 015.97.036<br>Producto disponible en Herrajes Darío.;HAFELE;Tornillo Drywall Negro 3,5x40mm (1000 unidades) | Herrajes Darío;Tornillo Drywall Negro 3,5x40mm (1000 unidades) marca HAFELE. Código 015.97.036. Consultá disponibilidad en Herrajes Darío.;HAFELE;SI;;;;;https://drive.google.com/uc?export=view&id=11E53LKnuMOZDXEck9lICsuXekzINERy1;TornilloNgo.jpg
tornillo-drywall-negro-3-5x50mm-1000-unidades-015-97-038;Tornillo Drywall Negro 3,5x50mm (1000 unidades);Hogar y Obra;;;;;;;20685.00;;;;;;;015.97.038;;SI;NO;Marca: HAFELE<br>Código: 015.97.038<br>Producto disponible en Herrajes Darío.;HAFELE;Tornillo Drywall Negro 3,5x50mm (1000 unidades) | Herrajes Darío;Tornillo Drywall Negro 3,5x50mm (1000 unidades) marca HAFELE. Código 015.97.038. Consultá disponibilidad en Herrajes Darío.;HAFELE;SI;;;;;https://drive.google.com/uc?export=view&id=11E53LKnuMOZDXEck9lICsuXekzINERy1;TornilloNgo.jpg
portaresiduo-doble-acero-inox-12lts-cada-tacho-2000;PortaResiduo Doble Acero Inox. 12lts. Cada tacho;Accesorios de Cocina;;;;;;;129360.00;;;;;;;2000;;SI;NO;Marca: FARK<br>Código: 2000<br>Producto disponible en Herrajes Darío.;FARK;PortaResiduo Doble Acero Inox. 12lts. Cada tacho | Herrajes Darío;PortaResiduo Doble Acero Inox. 12lts. Cada tacho marca FARK. Código 2000. Consultá disponibilidad en Herrajes Darío.;FARK;SI;;;;;https://drive.google.com/uc?export=view&id=16SP24BCRWKx-Ks388IFmsi00zqXQ9U0m;2000.jpg
portaresiduo-alto-plastico-blanco-16lts-2001;PortaResiduo Alto Plastico Blanco. 16lts.;Accesorios de Cocina;;;;;;;69877.50;;;;;;;2001;;SI;NO;Marca: FARK<br>Código: 2001<br>Producto disponible en Herrajes Darío.;FARK;PortaResiduo Alto Plastico Blanco. 16lts. | Herrajes Darío;PortaResiduo Alto Plastico Blanco. 16lts. marca FARK. Código 2001. Consultá disponibilidad en Herrajes Darío.;FARK;SI;;;;;https://drive.google.com/uc?export=view&id=1J9r88XYxaCUvuNRVSsbC94m9sM3Tx5BF;2001.jpg
portaresiduo-alto-acero-inox-12lts-2001-ac;PortaResiduo Alto Acero Inox. 12lts.;Accesorios de Cocina;;;;;;;75337.50;;;;;;;2001/AC;;SI;NO;Marca: FARK<br>Código: 2001/AC<br>Producto disponible en Herrajes Darío.;FARK;PortaResiduo Alto Acero Inox. 12lts. | Herrajes Darío;PortaResiduo Alto Acero Inox. 12lts. marca FARK. Código 2001/AC. Consultá disponibilidad en Herrajes Darío.;FARK;SI;;;;;https://drive.google.com/uc?export=view&id=1Spi9IIPgfTV_nBdsuI_hqZVmEZOz9fhO;2001-ac.jpg
portaresiduo-alto-con-canasto-plastico-blanco-16lts-2002;PortaResiduo Alto con Canasto Plastico Blanco. 16lts.;Accesorios de Cocina;;;;;;;73342.50;;;;;;;2002;;SI;NO;Marca: FARK<br>Código: 2002<br>Producto disponible en Herrajes Darío.;FARK;PortaResiduo Alto con Canasto Plastico Blanco. 16lts. | Herrajes Darío;PortaResiduo Alto con Canasto Plastico Blanco. 16lts. marca FARK. Código 2002. Consultá disponibilidad en Herrajes Darío.;FARK;SI;;;;;https://drive.google.com/uc?export=view&id=1If_L7VD0RKxyocihP65f28U_wGFEEQPn;2002-ac.jpg
portaresiduo-alto-con-canasto-acero-inox-12lts-2002-ac;PortaResiduo Alto con Canasto Acero Inox. 12lts.;Accesorios de Cocina;;;;;;;87780.00;;;;;;;2002/AC;;SI;NO;Marca: FARK<br>Código: 2002/AC<br>Producto disponible en Herrajes Darío.;FARK;PortaResiduo Alto con Canasto Acero Inox. 12lts. | Herrajes Darío;PortaResiduo Alto con Canasto Acero Inox. 12lts. marca FARK. Código 2002/AC. Consultá disponibilidad en Herrajes Darío.;FARK;SI;;;;;https://drive.google.com/uc?export=view&id=1If_L7VD0RKxyocihP65f28U_wGFEEQPn;2002-ac.jpg
portaresiduo-redondo-p-puerta-blanco-10lts-2003-b;PortaResiduo Redondo P/ Puerta Blanco . 10lts.;Accesorios de Cocina;;;;;;;17955.00;;;;;;;2003/B;;SI;NO;Marca: FARK<br>Código: 2003/B<br>Producto disponible en Herrajes Darío.;FARK;PortaResiduo Redondo P/ Puerta Blanco . 10lts. | Herrajes Darío;PortaResiduo Redondo P/ Puerta Blanco . 10lts. marca FARK. Código 2003/B. Consultá disponibilidad en Herrajes Darío.;FARK;SI;;;;;https://drive.google.com/uc?export=view&id=1sTFdT9zG6D0hn_nR2fmrrzkFvfqYY9uT;2003-b.jpg
portaresiduo-redondo-p-puerta-gris-10lts-2003-g;PortaResiduo Redondo P/ Puerta Gris . 10lts.;Accesorios de Cocina;;;;;;;17955.00;;;;;;;2003/G;;SI;NO;Marca: FARK<br>Código: 2003/G<br>Producto disponible en Herrajes Darío.;FARK;PortaResiduo Redondo P/ Puerta Gris . 10lts. | Herrajes Darío;PortaResiduo Redondo P/ Puerta Gris . 10lts. marca FARK. Código 2003/G. Consultá disponibilidad en Herrajes Darío.;FARK;SI;;;;;https://drive.google.com/uc?export=view&id=1sTFdT9zG6D0hn_nR2fmrrzkFvfqYY9uT;2003-b.jpg
portaresiduo-redondo-p-pta-acero-inox-10lts-sin-soga-2003-n;PortaResiduo Redondo P/Pta Acero Inox 10lts. (sin soga);Accesorios de Cocina;;;;;;;38587.50;;;;;;;2003/N;;SI;NO;Marca: FARK<br>Código: 2003/N<br>Producto disponible en Herrajes Darío.;FARK;PortaResiduo Redondo P/Pta Acero Inox 10lts. (sin soga) | Herrajes Dar;PortaResiduo Redondo P/Pta Acero Inox 10lts. (sin soga) marca FARK. Código 2003/N. Consultá disponibilidad en Herrajes Darío.;FARK;SI;;;;;https://drive.google.com/uc?export=view&id=1xNpKU7_Jt8N0kVn40_aiz6MAywctm5BG;2003-n.jpg
portaresiduo-bajo-plastico-blanco-14lts-2007;PortaResiduo Bajo Plastico Blanco. 14lts.;Accesorios de Cocina;;;;;;;44152.50;;;;;;;2007;;SI;NO;Marca: FARK<br>Código: 2007<br>Producto disponible en Herrajes Darío.;FARK;PortaResiduo Bajo Plastico Blanco. 14lts. | Herrajes Darío;PortaResiduo Bajo Plastico Blanco. 14lts. marca FARK. Código 2007. Consultá disponibilidad en Herrajes Darío.;FARK;SI;;;;;https://drive.google.com/uc?export=view&id=181bpI65rZmUQuxoNS_5Bj5hsU3c01wKS;2007.jpg
portaresiduo-doble-plastico-15lts-cada-tacho-2022;PortaResiduo Doble Plastico. 15lts. Cada tacho;Accesorios de Cocina;;;;;;;78382.50;;;;;;;2022;;SI;NO;Marca: FARK<br>Código: 2022<br>Producto disponible en Herrajes Darío.;FARK;PortaResiduo Doble Plastico. 15lts. Cada tacho | Herrajes Darío;PortaResiduo Doble Plastico. 15lts. Cada tacho marca FARK. Código 2022. Consultá disponibilidad en Herrajes Darío.;FARK;SI;;;;;https://drive.google.com/uc?export=view&id=11mC9dK5jqud6G-rZZym3JxehhOqBC8fS;2022.jpg
canasto-2-niveles-f230-a480-p450-cromo-5024;Canasto 2 niveles F230 A480 P450 cromo;Accesorios de Cocina;;;;;;;94311.00;;;;;;;5024;;SI;NO;Marca: FARK<br>Código: 5024<br>Producto disponible en Herrajes Darío.;FARK;Canasto 2 niveles F230 A480 P450 cromo | Herrajes Darío;Canasto 2 niveles F230 A480 P450 cromo marca FARK. Código 5024. Consultá disponibilidad en Herrajes Darío.;FARK;SI;;;;;;
canasto-3-niveles-f260-a530-p490-cromo-5025;Canasto 3 niveles F260 A530 P490 cromo;Accesorios de Cocina;;;;;;;93870.00;;;;;;;5025;;SI;NO;Marca: FARK<br>Código: 5025<br>Producto disponible en Herrajes Darío.;FARK;Canasto 3 niveles F260 A530 P490 cromo | Herrajes Darío;Canasto 3 niveles F260 A530 P490 cromo marca FARK. Código 5025. Consultá disponibilidad en Herrajes Darío.;FARK;SI;;;;;https://drive.google.com/uc?export=view&id=1XEMqur3hjSwVYH-riPYTMkwRokMxHm4O;5025.jpg
canasto-extraible-2-nivel-130x530x450-cromo-5020;Canasto Extraible 2 nivel 130x530x450 cromo;Accesorios de Cocina;;;;;;;87517.50;;;;;;;5020;;SI;NO;Marca: FARK<br>Código: 5020<br>Producto disponible en Herrajes Darío.;FARK;Canasto Extraible 2 nivel 130x530x450 cromo | Herrajes Darío;Canasto Extraible 2 nivel 130x530x450 cromo marca FARK. Código 5020. Consultá disponibilidad en Herrajes Darío.;FARK;SI;;;;;https://drive.google.com/uc?export=view&id=1GYEumigYq2hHvwcmI-O3XO6rt56TtLsw;5020-a.jpg
canasto-extraible-2-nivel-130x530x450-pintado-cromo-5020-pc;Canasto Extraible 2 nivel 130x530x450 pintado cromo;Accesorios de Cocina;;;;;;;60196.50;;;;;;;5020/PC;;SI;NO;Marca: FARK<br>Código: 5020/PC<br>Producto disponible en Herrajes Darío.;FARK;Canasto Extraible 2 nivel 130x530x450 pintado cromo | Herrajes Darío;Canasto Extraible 2 nivel 130x530x450 pintado cromo marca FARK. Código 5020/PC. Consultá disponibilidad en Herrajes Darío.;FARK;SI;;;;;https://drive.google.com/uc?export=view&id=1GYEumigYq2hHvwcmI-O3XO6rt56TtLsw;5020-a.jpg
canasto-extraible-2-nivel-130x530x450-color-5020-a;Canasto Extraible 2 nivel 130x530x450 color;Accesorios de Cocina;;;;;;;51261.00;;;;;;;5020/A;;SI;NO;Marca: FARK<br>Código: 5020/A<br>Producto disponible en Herrajes Darío.;FARK;Canasto Extraible 2 nivel 130x530x450 color | Herrajes Darío;Canasto Extraible 2 nivel 130x530x450 color marca FARK. Código 5020/A. Consultá disponibilidad en Herrajes Darío.;FARK;SI;;;;;https://drive.google.com/uc?export=view&id=1GYEumigYq2hHvwcmI-O3XO6rt56TtLsw;5020-a.jpg
canasto-extraible-2-nivel-230x530x450-cromo-5022;Canasto Extraible 2 nivel 230x530x450 cromo;Accesorios de Cocina;;;;;;;89880.00;;;;;;;5022;;SI;NO;Marca: FARK<br>Código: 5022<br>Producto disponible en Herrajes Darío.;FARK;Canasto Extraible 2 nivel 230x530x450 cromo | Herrajes Darío;Canasto Extraible 2 nivel 230x530x450 cromo marca FARK. Código 5022. Consultá disponibilidad en Herrajes Darío.;FARK;SI;;;;;;
canasto-extraible-2-nivel-230x530x450-pintado-cromo-5022-pc;Canasto Extraible 2 nivel 230x530x450 pintado cromo;Accesorios de Cocina;;;;;;;65887.50;;;;;;;5022/PC;;SI;NO;Marca: FARK<br>Código: 5022/PC<br>Producto disponible en Herrajes Darío.;FARK;Canasto Extraible 2 nivel 230x530x450 pintado cromo | Herrajes Darío;Canasto Extraible 2 nivel 230x530x450 pintado cromo marca FARK. Código 5022/PC. Consultá disponibilidad en Herrajes Darío.;FARK;SI;;;;;;
canasto-extraible-2-nivel-230x530x450-color-5022-b;Canasto Extraible 2 nivel 230x530x450 color;Accesorios de Cocina;;;;;;;57120.00;;;;;;;5022/B;;SI;NO;Marca: FARK<br>Código: 5022/B<br>Producto disponible en Herrajes Darío.;FARK;Canasto Extraible 2 nivel 230x530x450 color | Herrajes Darío;Canasto Extraible 2 nivel 230x530x450 color marca FARK. Código 5022/B. Consultá disponibilidad en Herrajes Darío.;FARK;SI;;;;;;
canasto-extraible-2-nivel-360x530x450-cromo-5037-c;Canasto Extraible 2 nivel 360x530x450 cromo;Accesorios de Cocina;;;;;;;130998.00;;;;;;;5037/C;;SI;NO;Marca: FARK<br>Código: 5037/C<br>Producto disponible en Herrajes Darío.;FARK;Canasto Extraible 2 nivel 360x530x450 cromo | Herrajes Darío;Canasto Extraible 2 nivel 360x530x450 cromo marca FARK. Código 5037/C. Consultá disponibilidad en Herrajes Darío.;FARK;SI;;;;;;
canasto-extraible-2-nivel-360x530x450-color-5037;Canasto Extraible 2 nivel 360x530x450 color;Accesorios de Cocina;;;;;;;62055.00;;;;;;;5037;;SI;NO;Marca: FARK<br>Código: 5037<br>Producto disponible en Herrajes Darío.;FARK;Canasto Extraible 2 nivel 360x530x450 color | Herrajes Darío;Canasto Extraible 2 nivel 360x530x450 color marca FARK. Código 5037. Consultá disponibilidad en Herrajes Darío.;FARK;SI;;;;;;
canasto-extraible-2-nivel-360x530x450-pintado-cromo-5037-pc;Canasto Extraible 2 nivel 360x530x450 pintado cromo;Accesorios de Cocina;;;;;;;70875.00;;;;;;;5037/PC;;SI;NO;Marca: FARK<br>Código: 5037/PC<br>Producto disponible en Herrajes Darío.;FARK;Canasto Extraible 2 nivel 360x530x450 pintado cromo | Herrajes Darío;Canasto Extraible 2 nivel 360x530x450 pintado cromo marca FARK. Código 5037/PC. Consultá disponibilidad en Herrajes Darío.;FARK;SI;;;;;;
canasto-extraible-3-nivel-230x530x450-cromo-5023;Canasto Extraible 3 nivel 230x530x450 cromo;Accesorios de Cocina;;;;;;;97860.00;;;;;;;5023;;SI;NO;Marca: FARK<br>Código: 5023<br>Producto disponible en Herrajes Darío.;FARK;Canasto Extraible 3 nivel 230x530x450 cromo | Herrajes Darío;Canasto Extraible 3 nivel 230x530x450 cromo marca FARK. Código 5023. Consultá disponibilidad en Herrajes Darío.;FARK;SI;;;;;https://drive.google.com/uc?export=view&id=1BO-uqdH2CRZ2qDIyfAqiR5cz5YJycvbI;5023-B.jpg
canasto-extraible-3-nivel-230x530x450-color-5023-b;Canasto Extraible 3 nivel 230x530x450 color;Accesorios de Cocina;;;;;;;60007.50;;;;;;;5023/B;;SI;NO;Marca: FARK<br>Código: 5023/B<br>Producto disponible en Herrajes Darío.;FARK;Canasto Extraible 3 nivel 230x530x450 color | Herrajes Darío;Canasto Extraible 3 nivel 230x530x450 color marca FARK. Código 5023/B. Consultá disponibilidad en Herrajes Darío.;FARK;SI;;;;;https://drive.google.com/uc?export=view&id=1BO-uqdH2CRZ2qDIyfAqiR5cz5YJycvbI;5023-B.jpg
canasto-extraible-3-nivel-230x530x450-pintado-cromo-5023-pc;Canasto Extraible 3 nivel 230x530x450 pintado cromo;Accesorios de Cocina;;;;;;;70455.00;;;;;;;5023/PC;;SI;NO;Marca: FARK<br>Código: 5023/PC<br>Producto disponible en Herrajes Darío.;FARK;Canasto Extraible 3 nivel 230x530x450 pintado cromo | Herrajes Darío;Canasto Extraible 3 nivel 230x530x450 pintado cromo marca FARK. Código 5023/PC. Consultá disponibilidad en Herrajes Darío.;FARK;SI;;;;;https://drive.google.com/uc?export=view&id=1BO-uqdH2CRZ2qDIyfAqiR5cz5YJycvbI;5023-B.jpg
canasto-extraible-3-nivel-360x530x450-cromo-5038;Canasto Extraible 3 nivel 360x530x450 cromo;Accesorios de Cocina;;;;;;;159337.50;;;;;;;5038;;SI;NO;Marca: FARK<br>Código: 5038<br>Producto disponible en Herrajes Darío.;FARK;Canasto Extraible 3 nivel 360x530x450 cromo | Herrajes Darío;Canasto Extraible 3 nivel 360x530x450 cromo marca FARK. Código 5038. Consultá disponibilidad en Herrajes Darío.;FARK;SI;;;;;https://drive.google.com/uc?export=view&id=1B_uSyfyWTv2_DeKMoSKf8MSqBGfO9DCP;5038-B.jpg
canasto-extraible-3-nivel-360x530x450-color-5038-b;Canasto Extraible 3 nivel 360x530x450 color;Accesorios de Cocina;;;;;;;77091.00;;;;;;;5038/B;;SI;NO;Marca: FARK<br>Código: 5038/B<br>Producto disponible en Herrajes Darío.;FARK;Canasto Extraible 3 nivel 360x530x450 color | Herrajes Darío;Canasto Extraible 3 nivel 360x530x450 color marca FARK. Código 5038/B. Consultá disponibilidad en Herrajes Darío.;FARK;SI;;;;;https://drive.google.com/uc?export=view&id=1B_uSyfyWTv2_DeKMoSKf8MSqBGfO9DCP;5038-B.jpg
canasto-extraible-3-nivel-360x530x450-pintado-cromo-5038-pc;Canasto Extraible 3 nivel 360x530x450 pintado cromo;Accesorios de Cocina;;;;;;;92295.00;;;;;;;5038/PC;;SI;NO;Marca: FARK<br>Código: 5038/PC<br>Producto disponible en Herrajes Darío.;FARK;Canasto Extraible 3 nivel 360x530x450 pintado cromo | Herrajes Darío;Canasto Extraible 3 nivel 360x530x450 pintado cromo marca FARK. Código 5038/PC. Consultá disponibilidad en Herrajes Darío.;FARK;SI;;;;;https://drive.google.com/uc?export=view&id=1B_uSyfyWTv2_DeKMoSKf8MSqBGfO9DCP;5038-B.jpg
canasto-esquinero-extraible-sug-480x750x570-izq-der-5070;Canasto Esquinero Extraible Sug. 480x750x570 IZQ/DER;Accesorios de Cocina;;;;;;;323925.00;;;;;;;5070;;SI;NO;Marca: FARK<br>Código: 5070<br>Producto disponible en Herrajes Darío.;FARK;Canasto Esquinero Extraible Sug. 480x750x570 IZQ/DER | Herrajes Darío;Canasto Esquinero Extraible Sug. 480x750x570 IZQ/DER marca FARK. Código 5070. Consultá disponibilidad en Herrajes Darío.;FARK;SI;;;;;https://drive.google.com/uc?export=view&id=1B8IlvhukZzWjJUawDvPQ_rv03xhJqEDo;5070.jpg
escurreplatos-de-apoyar-acero-inox-cromo-4002-ac;Escurreplatos de Apoyar Acero Inox cromo;Accesorios de Cocina;;;;;;;87780.00;;;;;;;4002/AC;;SI;NO;Marca: FARK<br>Código: 4002/AC<br>Producto disponible en Herrajes Darío.;FARK;Escurreplatos de Apoyar Acero Inox cromo | Herrajes Darío;Escurreplatos de Apoyar Acero Inox cromo marca FARK. Código 4002/AC. Consultá disponibilidad en Herrajes Darío.;FARK;SI;;;;;https://drive.google.com/uc?export=view&id=1g2423zGpIqAUHAgx7P5Pc3COJbw7G1QZ;2008-G.jpg
escurreplatos-de-apoyar-acero-inox-negro-4002-n;Escurreplatos de Apoyar Acero Inox negro;Accesorios de Cocina;;;;;;;62580.00;;;;;;;4002/N;;SI;NO;Marca: FARK<br>Código: 4002/N<br>Producto disponible en Herrajes Darío.;FARK;Escurreplatos de Apoyar Acero Inox negro | Herrajes Darío;Escurreplatos de Apoyar Acero Inox negro marca FARK. Código 4002/N. Consultá disponibilidad en Herrajes Darío.;FARK;SI;;;;;https://drive.google.com/uc?export=view&id=1g2423zGpIqAUHAgx7P5Pc3COJbw7G1QZ;2008-G.jpg
cubiertero-blanco-o-gris-300x470-2004;Cubiertero Blanco o Gris 300x470;Accesorios de Cocina;;;;;;;16380.00;;;;;;;2004;;SI;NO;Marca: FARK<br>Código: 2004<br>Producto disponible en Herrajes Darío.;FARK;Cubiertero Blanco o Gris 300x470 | Herrajes Darío;Cubiertero Blanco o Gris 300x470 marca FARK. Código 2004. Consultá disponibilidad en Herrajes Darío.;FARK;SI;;;;;https://drive.google.com/uc?export=view&id=1eS3HK21YLuyfqAhv2lGxxKNLH1yWik0i;2011.jpg
cubiertero-blanco-o-gris-350x470-2005;Cubiertero Blanco o Gris 350x470;Accesorios de Cocina;;;;;;;18375.00;;;;;;;2005;;SI;NO;Marca: FARK<br>Código: 2005<br>Producto disponible en Herrajes Darío.;FARK;Cubiertero Blanco o Gris 350x470 | Herrajes Darío;Cubiertero Blanco o Gris 350x470 marca FARK. Código 2005. Consultá disponibilidad en Herrajes Darío.;FARK;SI;;;;;https://drive.google.com/uc?export=view&id=1eS3HK21YLuyfqAhv2lGxxKNLH1yWik0i;2011.jpg
cubiertero-blanco-o-gris-400x500-2006;Cubiertero Blanco o Gris 400x500;Accesorios de Cocina;;;;;;;21000.00;;;;;;;2006;;SI;NO;Marca: FARK<br>Código: 2006<br>Producto disponible en Herrajes Darío.;FARK;Cubiertero Blanco o Gris 400x500 | Herrajes Darío;Cubiertero Blanco o Gris 400x500 marca FARK. Código 2006. Consultá disponibilidad en Herrajes Darío.;FARK;SI;;;;;https://drive.google.com/uc?export=view&id=1eS3HK21YLuyfqAhv2lGxxKNLH1yWik0i;2011.jpg
cubiertero-blanco-o-gris-600x500-2006-a;Cubiertero Blanco o Gris 600x500;Accesorios de Cocina;;;;;;;31867.50;;;;;;;2006/A;;SI;NO;Marca: FARK<br>Código: 2006/A<br>Producto disponible en Herrajes Darío.;FARK;Cubiertero Blanco o Gris 600x500 | Herrajes Darío;Cubiertero Blanco o Gris 600x500 marca FARK. Código 2006/A. Consultá disponibilidad en Herrajes Darío.;FARK;SI;;;;;https://drive.google.com/uc?export=view&id=1eS3HK21YLuyfqAhv2lGxxKNLH1yWik0i;2011.jpg
cubiertero-blanco-o-gris-450x500-2008;Cubiertero Blanco o Gris 450x500;Accesorios de Cocina;;;;;;;24780.00;;;;;;;2008;;SI;NO;Marca: FARK<br>Código: 2008<br>Producto disponible en Herrajes Darío.;FARK;Cubiertero Blanco o Gris 450x500 | Herrajes Darío;Cubiertero Blanco o Gris 450x500 marca FARK. Código 2008. Consultá disponibilidad en Herrajes Darío.;FARK;SI;;;;;https://drive.google.com/uc?export=view&id=1eS3HK21YLuyfqAhv2lGxxKNLH1yWik0i;2011.jpg
cubiertero-blanco-o-gris-760x500-2009;Cubiertero Blanco o Gris 760x500;Accesorios de Cocina;;;;;;;36225.00;;;;;;;2009;;SI;NO;Marca: FARK<br>Código: 2009<br>Producto disponible en Herrajes Darío.;FARK;Cubiertero Blanco o Gris 760x500 | Herrajes Darío;Cubiertero Blanco o Gris 760x500 marca FARK. Código 2009. Consultá disponibilidad en Herrajes Darío.;FARK;SI;;;;;https://drive.google.com/uc?export=view&id=1eS3HK21YLuyfqAhv2lGxxKNLH1yWik0i;2011.jpg
cubiertero-blanco-o-gris-900x500-2010;Cubiertero Blanco o Gris 900x500;Accesorios de Cocina;;;;;;;46777.50;;;;;;;2010;;SI;NO;Marca: FARK<br>Código: 2010<br>Producto disponible en Herrajes Darío.;FARK;Cubiertero Blanco o Gris 900x500 | Herrajes Darío;Cubiertero Blanco o Gris 900x500 marca FARK. Código 2010. Consultá disponibilidad en Herrajes Darío.;FARK;SI;;;;;https://drive.google.com/uc?export=view&id=1eS3HK21YLuyfqAhv2lGxxKNLH1yWik0i;2011.jpg
cubiertero-blanco-o-gris-500x500-2011;Cubiertero Blanco o Gris 500x500;Accesorios de Cocina;;;;;;;25620.00;;;;;;;2011;;SI;NO;Marca: FARK<br>Código: 2011<br>Producto disponible en Herrajes Darío.;FARK;Cubiertero Blanco o Gris 500x500 | Herrajes Darío;Cubiertero Blanco o Gris 500x500 marca FARK. Código 2011. Consultá disponibilidad en Herrajes Darío.;FARK;SI;;;;;https://drive.google.com/uc?export=view&id=1eS3HK21YLuyfqAhv2lGxxKNLH1yWik0i;2011.jpg
pantalonero-lateral-grande-f390-a300-p400-3016;Pantalonero Lateral Grande F390 A300 P400;Accesorios de Placard;;;;;;;75600.00;;;;;;;3016;;SI;NO;Marca: FARK<br>Código: 3016<br>Producto disponible en Herrajes Darío.;FARK;Pantalonero Lateral Grande F390 A300 P400 | Herrajes Darío;Pantalonero Lateral Grande F390 A300 P400 marca FARK. Código 3016. Consultá disponibilidad en Herrajes Darío.;FARK;SI;;;;;;
pantalonero-central-f320-a60-p450-3018;Pantalonero Central F320 A60 P450;Accesorios de Placard;;;;;;;59325.00;;;;;;;3018;;SI;NO;Marca: FARK<br>Código: 3018<br>Producto disponible en Herrajes Darío.;FARK;Pantalonero Central F320 A60 P450 | Herrajes Darío;Pantalonero Central F320 A60 P450 marca FARK. Código 3018. Consultá disponibilidad en Herrajes Darío.;FARK;SI;;;;;https://drive.google.com/uc?export=view&id=1PO5G6Yk4noLILJ7dAhvntn2Qczy94BrE;3018-A.jpg
columna-extraible-modulo-300mm-lc-430;Columna Extraible Modulo 300mm;Accesorios de Cocina;;;;;;;436065.00;;;;;;;LC-430;;SI;NO;Marca: BRONZEN<br>Código: LC-430<br>Producto disponible en Herrajes Darío.;BRONZEN;Columna Extraible Modulo 300mm | Herrajes Darío;Columna Extraible Modulo 300mm marca BRONZEN. Código LC-430. Consultá disponibilidad en Herrajes Darío.;BRONZEN;SI;;;;;https://drive.google.com/uc?export=view&id=1Wss_-8W516XF5x_KAIUsxO40TM5Wkc-5;lc430.jpg
columna-extraible-modulo-400mm-lc-440;Columna Extraible Modulo 400mm;Accesorios de Cocina;;;;;;;460950.00;;;;;;;LC-440;;SI;NO;Marca: BRONZEN<br>Código: LC-440<br>Producto disponible en Herrajes Darío.;BRONZEN;Columna Extraible Modulo 400mm | Herrajes Darío;Columna Extraible Modulo 400mm marca BRONZEN. Código LC-440. Consultá disponibilidad en Herrajes Darío.;BRONZEN;SI;;;;;https://drive.google.com/uc?export=view&id=1Wss_-8W516XF5x_KAIUsxO40TM5Wkc-5;lc430.jpg
rinconero-extraible-4-bandejas-lc-102;Rinconero Extraible 4 Bandejas;Accesorios de Cocina;;;;;;;336525.00;;;;;;;LC-102;;SI;NO;Marca: BRONZEN<br>Código: LC-102<br>Producto disponible en Herrajes Darío.;BRONZEN;Rinconero Extraible 4 Bandejas | Herrajes Darío;Rinconero Extraible 4 Bandejas marca BRONZEN. Código LC-102. Consultá disponibilidad en Herrajes Darío.;BRONZEN;SI;;;;;https://drive.google.com/uc?export=view&id=1ppDCN_nDLeNIlPP65b5PPBG4-KlTq5dO;lc102.jpg
eurocorner-extraible-antracita-ece-900-a;EuroCorner Extraible Antracita;Accesorios de Cocina;;;;;;;480165.00;;;;;;;ECE.900.A;;SI;NO;Marca: Grupo Euro<br>Código: ECE.900.A<br>Producto disponible en Herrajes Darío.;Grupo Euro;EuroCorner Extraible Antracita | Herrajes Darío;EuroCorner Extraible Antracita marca Grupo Euro. Código ECE.900.A. Consultá disponibilidad en Herrajes Darío.;Grupo Euro;SI;;;;;https://drive.google.com/uc?export=view&id=1KzZwQ0yFpTql58mCzEPoqfRgC2rwjDax;ESQ_ECE.jpg
eurocolumna-extraible-400mm-5-niveles-antracita-col-5-400-a;EuroColumna Extraible 400mm 5 niveles Antracita;Accesorios de Cocina;;;;;;;595875.00;;;;;;;COL.5.400.A;;SI;NO;Marca: Grupo Euro<br>Código: COL.5.400.A<br>Producto disponible en Herrajes Darío.;Grupo Euro;EuroColumna Extraible 400mm 5 niveles Antracita | Herrajes Darío;EuroColumna Extraible 400mm 5 niveles Antracita marca Grupo Euro. Código COL.5.400.A. Consultá disponibilidad en Herrajes Darío.;Grupo Euro;SI;;;;;https://drive.google.com/uc?export=view&id=1_hdz-uh6qFhDIf7nIj6NdaKCt7T2hUG7;ESQ_COL.jpg
eurocorner-magic-antracita-ecm-900-a;EuroCorner Magic Antracita;Accesorios de Cocina;;;;;;;494760.00;;;;;;;ECM.900.A;;SI;NO;Marca: Grupo Euro<br>Código: ECM.900.A<br>Producto disponible en Herrajes Darío.;Grupo Euro;EuroCorner Magic Antracita | Herrajes Darío;EuroCorner Magic Antracita marca Grupo Euro. Código ECM.900.A. Consultá disponibilidad en Herrajes Darío.;Grupo Euro;SI;;;;;https://drive.google.com/uc?export=view&id=1DvZBG7opswfGwPntx18rDuHvnVwVWMvv;ESQ_ECM.jpg
porta-residuos-doble-extraible-8-8lts-tbe-88;Porta Residuos Doble Extraible 8+8Lts;Accesorios de Cocina;;;;;;;143115.00;;;;;;;TBE-88;;SI;NO;Marca: BRONZEN<br>Código: TBE-88<br>Producto disponible en Herrajes Darío.;BRONZEN;Porta Residuos Doble Extraible 8+8Lts | Herrajes Darío;Porta Residuos Doble Extraible 8+8Lts marca BRONZEN. Código TBE-88. Consultá disponibilidad en Herrajes Darío.;BRONZEN;SI;;;;;https://drive.google.com/uc?export=view&id=1Gm-oXJykTzGg77ckWKHNM2Gvm119YZOD;Esqtbe88.jpg
porta-residuos-doble-extraible-20-20lts-tbe-2020;Porta Residuos Doble Extraible 20+20Lts;Accesorios de Cocina;;;;;;;153352.50;;;;;;;TBE-2020;;SI;NO;Marca: BRONZEN<br>Código: TBE-2020<br>Producto disponible en Herrajes Darío.;BRONZEN;Porta Residuos Doble Extraible 20+20Lts | Herrajes Darío;Porta Residuos Doble Extraible 20+20Lts marca BRONZEN. Código TBE-2020. Consultá disponibilidad en Herrajes Darío.;BRONZEN;SI;;;;;https://drive.google.com/uc?export=view&id=1_f-rGOm2rdv6qc5BkcgyNlB0jknNombk;esqtb200.jpg
porta-residuos-simple-extraible-20-lts-tbe-200;Porta Residuos Simple Extraible 20 Lts;Accesorios de Cocina;;;;;;;168682.50;;;;;;;TBE-200;;SI;NO;Marca: BRONZEN<br>Código: TBE-200<br>Producto disponible en Herrajes Darío.;BRONZEN;Porta Residuos Simple Extraible 20 Lts | Herrajes Darío;Porta Residuos Simple Extraible 20 Lts marca BRONZEN. Código TBE-200. Consultá disponibilidad en Herrajes Darío.;BRONZEN;SI;;;;;https://drive.google.com/uc?export=view&id=1_f-rGOm2rdv6qc5BkcgyNlB0jknNombk;esqtb200.jpg
